OBJECTID,Shape,Join_Count,TARGET_FID,Crash_Year,Crash_Street,Crash_Ref_Number,Crash_Severity,Crash_Year,Crash_Month,Crash_Day_Of_Week,Crash_Hour,Crash_Nature,Crash_Type,Crash_Longitude_GDA94,Crash_Latitude_GDA94,Crash_Street,Crash_Street_Intersecting,Loc_Suburb,Loc_Local_Government_Area,Loc_Post_Code,Loc_Police_Division,Loc_Police_District,Loc_Police_Region,Loc_Queensland_Transport_Region,Loc_Main_Roads_Region,Loc_ABS_Statistical_Area_2,Loc_ABS_Statistical_Area_3,Loc_ABS_Statistical_Area_4,Loc_ABS_Remoteness,Loc_State_Electorate,Loc_Federal_Electorate,Crash_Controlling_Authority,Crash_Roadway_Feature,Crash_Traffic_Control,Crash_Speed_Limit,Crash_Road_Surface_Condition,Crash_Atmospheric_Condition,Crash_Lighting_Condition,Crash_Road_Horiz_Align,Crash_Road_Vert_Align,Crash_DCA_Code,Crash_DCA_Description,Crash_DCA_Group_Description,Count_Casualty_Fatality,Count_Casualty_Hospitalised,Count_Casualty_MedicallyTreated,Count_Casualty_MinorInjury,Count_Casualty_Total,Count_Unit_Car,Count_Unit_Motorcycle_Moped,Count_Unit_Truck,Count_Unit_Bus,Count_Unit_Bicycle,Count_Unit_Pedestrian,Count_Unit_Other,Shape_Length,Shape_Area
1,Polygon,1,1,2,Alexandra Pde,152181,Hospitalisation,2001,May,Tuesday,5,Hit parked vehicle,Single Vehicle,153.103478,-26.655659,Alexandra Pde,<Null>,Maroochydore,Sunshine Coast Region,4558,Maroochydore,Sunshine Coast,Central,SEQ North,North Coast and Wide Bay/Burnett,Maroochydore - Kuluin,Maroochy,Sunshine Coast,Major Cities,Maroochydore,Fairfax,Locally-controlled,Merge Lane,No traffic control,60 km/h,Sealed - Dry,Clear,Dawn/Dusk,Straight,Level,604,Veh'S On Path: Car Door,Hit parked vehicle,0,1,0,0,1,1,0,0,0,1,0,0,0.001198,0
2,Polygon,1,2,2,Ben Lexcen Dr,164769,Hospitalisation,2001,November,Wednesday,14,Angle,Multi-Vehicle,153.102302,-26.404,Ben Lexcen Dr,<Null>,Sunshine Beach,Noosa Shire,4567,Noosa Heads,Sunshine Coast,Central,SEQ North,North Coast and Wide Bay/Burnett,Sunshine Beach,Noosa,Sunshine Coast,Major Cities,Noosa,Wide Bay,Locally-controlled,Median Opening,No traffic control,0 - 50 km/h,Sealed - Dry,Clear,Daylight,Straight,Grade,400,Veh'S Manoeuvring: Other,Other,0,1,0,0,1,1,0,0,0,1,0,0,0.001196,0
3,Polygon,1,3,2,Blackdown Tableland Rd,241582,Hospitalisation,2001,December,Sunday,18,Overturned,Single Vehicle,149.117472,-23.736074,Blackdown Tableland Rd,<Null>,Dingo,Central Highlands Region,4702,Blackwater,Capricornia,Central,Central,Central Queensland,Central Highlands - East,Central Highlands (qld),Central Queensland,Remote,Gregory,Flynn,Locally-controlled,Forestry/National Park Road,No traffic control,60 km/h,Unsealed - Dry,Clear,Daylight,Curved - view obscured,Grade,805,Off Path-Curve: Out Of Control On Cway,Out of control on curve,0,1,1,0,2,1,0,0,0,0,0,0,0.001183,0
4,Polygon,14,4,2,Booloumba Ck Rd,72399,Hospitalisation,2001,December,Friday,13,Hit object,Single Vehicle,0,0,Forestry Rd,<Null>,Unknown,Unknown,<Null>,Unknown,Unknown,Unknown,Unknown,Unknown,Unknown,Unknown,Unknown,Unknown,Unknown,Unknown,Locally-controlled,Forestry/National Park Road,No traffic control,100 - 110 km/h,Unsealed - Wet,Clear,Daylight,Curved - view open,Level,800,Off Path-Curve: Other,Other,0,1,0,0,1,1,0,0,0,0,0,0,0.001131,0
5,Polygon,14,5,2,Bukki Rd,72399,Hospitalisation,2001,December,Friday,13,Hit object,Single Vehicle,0,0,Forestry Rd,<Null>,Unknown,Unknown,<Null>,Unknown,Unknown,Unknown,Unknown,Unknown,Unknown,Unknown,Unknown,Unknown,Unknown,Unknown,Locally-controlled,Forestry/National Park Road,No traffic control,100 - 110 km/h,Unsealed - Wet,Clear,Daylight,Curved - view open,Level,800,Off Path-Curve: Other,Other,0,1,0,0,1,1,0,0,0,0,0,0,0.001131,0
6,Polygon,1,6,2,Burnett St,108716,Hospitalisation,2001,November,Tuesday,15,Rear-end,Multi-Vehicle,152.749874,-27.612613,Burnett St,<Null>,Sadliers Crossing,Ipswich City,4305,Ipswich,Ipswich,Southern,SEQ South,Metropolitan,Ipswich - Central,Ipswich Inner,Ipswich,Major Cities,Ipswich,Blair,Locally-controlled,Merge Lane,Supervised school crossing,0 - 50 km/h,Sealed - Dry,Clear,Daylight,Straight,Level,301,Veh'S Same Direction: Rear End,Rear-end,0,1,0,0,1,2,0,0,0,0,0,0,0.001203,0
7,Polygon,1,7,2,Caloundra Rd,197201,Hospitalisation,2001,July,Friday,17,Sideswipe,Multi-Vehicle,153.085513,-26.782812,Caloundra Rd,<Null>,Meridan Plains,Sunshine Coast Region,4551,Caloundra,Sunshine Coast,Central,SEQ North,North Coast and Wide Bay/Burnett,Caloundra - West,Caloundra,Sunshine Coast,Major Cities,Caloundra,Fisher,State-controlled,Merge Lane,No traffic control,80 - 90 km/h,Sealed - Dry,Clear,Dawn/Dusk,Straight,Grade,305,Veh'S Same Direction: Lane Side Swipe,Lane changes,0,1,0,0,1,2,0,1,0,0,0,0,0.001198,0
8,Polygon,1,8,2,Coonoongibber Ck Rd,213433,Hospitalisation,2001,September,Saturday,10,Hit object,Single Vehicle,152.691992,-26.53646,Coonoongibber Ck Rd,<Null>,Brooloo,Gympie Region,4570,Imbil,Wide Bay Burnett,Central,Southern,North Coast and Wide Bay/Burnett,Gympie Region,Gympie - Cooloola,Wide Bay,Inner Regional,Gympie,Wide Bay,Locally-controlled,Forestry/National Park Road,No traffic control,100 - 110 km/h,Unsealed - Dry,Smoke/Dust,Daylight,Straight,Dip,703,Off Path-Straight: Left Off Cway Hit Obj,Off carriageway on straight hit object,0,1,0,0,1,1,0,0,0,0,0,0,0.001197,0
9,Polygon,2,9,2,Danbulla Rd,284680,Hospitalisation,2001,September,Saturday,10,Hit object,Single Vehicle,145.578736,-17.153842,Danbulla Rd,<Null>,Tinaroo,Tablelands Region,4872,Atherton,Far North,Northern,Northern,North Queensland,Malanda - Yungaburra,Tablelands (east) - Kuranda,Cairns,Outer Regional,Hill,Kennedy,Locally-controlled,Forestry/National Park Road,No traffic control,60 km/h,Unsealed - Dry,Clear,Daylight,Curved - view obscured,Grade,804,Off Path-Curve: Off Cway Lt Bend Hit Obj,Off carriageway on curve hit object,0,1,2,3,6,1,0,0,0,0,0,0,0.002314,0
10,Polygon,2,10,2,Flinders St,279293,Hospitalisation,2001,April,Wednesday,12,Rear-end,Multi-Vehicle,146.809256,-19.26706,Flinders St,<Null>,Townsville City,Townsville City,4810,Townsville,Townsville,Northern,Northern,North Queensland,Townsville City - North Ward,Townsville,Townsville,Outer Regional,Townsville,Herbert,Locally-controlled,Median Opening,No traffic control,60 km/h,Sealed - Dry,Clear,Daylight,Straight,Level,301,Veh'S Same Direction: Rear End,Rear-end,0,1,0,0,1,1,1,0,0,0,0,0,0.002328,0
11,Polygon,14,11,2,Forestry Rd,72399,Hospitalisation,2001,December,Friday,13,Hit object,Single Vehicle,0,0,Forestry Rd,<Null>,Unknown,Unknown,<Null>,Unknown,Unknown,Unknown,Unknown,Unknown,Unknown,Unknown,Unknown,Unknown,Unknown,Unknown,Locally-controlled,Forestry/National Park Road,No traffic control,100 - 110 km/h,Unsealed - Wet,Clear,Daylight,Curved - view open,Level,800,Off Path-Curve: Other,Other,0,1,0,0,1,1,0,0,0,0,0,0,0.001131,0
12,Polygon,1,12,2,Gladstone - Mt Larcom Rd,243052,Hospitalisation,2001,July,Sunday,13,Hit animal,Other,151.251014,-23.842181,Gladstone - Mt Larcom Rd,<Null>,Gladstone Central,Gladstone Region,4680,Gladstone,Capricornia,Central,Central,Central Queensland,Gladstone,Gladstone,Central Queensland,Inner Regional,Gladstone,Flynn,State-controlled,Median Opening,No traffic control,60 km/h,Sealed - Dry,Clear,Daylight,Straight,Level,609,Pass & Misc: Hit Animal,Hit animal,0,1,0,0,1,0,1,0,0,0,0,1,0.001183,0
13,Polygon,1,13,2,Lavarack Ave,114309,Hospitalisation,2001,March,Monday,14,Angle,Multi-Vehicle,153.101314,-27.431203,Lavarack Ave,<Null>,Eagle Farm,Brisbane City,4009,Hendra,North Brisbane,Brisbane,SEQ North,Metropolitan,Eagle Farm - Pinkenba,Nundah,Brisbane - North,Major Cities,Clayfield,Lilley,Locally-controlled,Median Opening,No traffic control,60 km/h,Sealed - Dry,Clear,Daylight,Curved - view obscured,Level,207,Veh'S Opposite Approach: U-Turn,U-turn,0,1,0,0,1,1,1,0,0,0,0,0,0.001202,0
14,Polygon,1,14,2,Moggill Rd,27379,Hospitalisation,2001,February,Wednesday,8,Angle,Multi-Vehicle,152.959102,-27.506602,Moggill Rd,<Null>,Chapel Hill,Brisbane City,4069,Indooroopilly,North Brisbane,Brisbane,SEQ North,Metropolitan,Chapel Hill,Kenmore - Brookfield - Moggill,Brisbane - West,Major Cities,Moggill,Ryan,State-controlled,Median Opening,No traffic control,60 km/h,Sealed - Dry,Clear,Daylight,Straight,Level,207,Veh'S Opposite Approach: U-Turn,U-turn,0,1,0,0,1,1,0,1,0,0,0,0,0.001202,0
15,Polygon,14,15,2,Moon Point Happy Valley Rd,72399,Hospitalisation,2001,December,Friday,13,Hit object,Single Vehicle,0,0,Forestry Rd,<Null>,Unknown,Unknown,<Null>,Unknown,Unknown,Unknown,Unknown,Unknown,Unknown,Unknown,Unknown,Unknown,Unknown,Unknown,Locally-controlled,Forestry/National Park Road,No traffic control,100 - 110 km/h,Unsealed - Wet,Clear,Daylight,Curved - view open,Level,800,Off Path-Curve: Other,Other,0,1,0,0,1,1,0,0,0,0,0,0,0.001131,0
16,Polygon,1,16,2,Nerang - Broadbeach Rd,133963,Hospitalisation,2001,June,Saturday,8,Sideswipe,Multi-Vehicle,153.391252,-28.030393,Nerang - Broadbeach Rd,<Null>,Carrara,Gold Coast City,4211,Broadbeach,Gold Coast,South Eastern,SEQ South,South Coast,Carrara,Nerang,Gold Coast,Major Cities,Surfers Paradise,Moncrieff,Locally-controlled,Merge Lane,No traffic control,60 km/h,Sealed - Dry,Clear,Daylight,Straight,Level,306,Veh'S Same Direction: Lane Change Right,Lane changes,0,1,0,0,1,1,0,1,0,0,0,0,0.001205,0
17,Polygon,14,17,2,Pettigrews Rd,72399,Hospitalisation,2001,December,Friday,13,Hit object,Single Vehicle,0,0,Forestry Rd,<Null>,Unknown,Unknown,<Null>,Unknown,Unknown,Unknown,Unknown,Unknown,Unknown,Unknown,Unknown,Unknown,Unknown,Unknown,Locally-controlled,Forestry/National Park Road,No traffic control,100 - 110 km/h,Unsealed - Wet,Clear,Daylight,Curved - view open,Level,800,Off Path-Curve: Other,Other,0,1,0,0,1,1,0,0,0,0,0,0,0.001131,0
18,Polygon,1,18,2,Wynnum Rd,34685,Hospitalisation,2001,April,Thursday,16,Angle,Multi-Vehicle,153.071095,-27.468715,Wynnum Rd,<Null>,Morningside,Brisbane City,4170,Morningside,South Brisbane,Brisbane,SEQ South,Metropolitan,Morningside - Seven Hills,Brisbane Inner - East,Brisbane Inner City,Major Cities,Bulimba,Griffith,Locally-controlled,Median Opening,No traffic control,60 km/h,Sealed - Dry,Clear,Daylight,Straight,Level,308,Veh'S Same Direction: Right Turn S/Swipe,Parallel lanes turning,0,1,0,0,1,3,0,0,0,0,0,0,0.001202,0
19,Polygon,1,19,2,Abbotsford Rd,18243,Hospitalisation,2002,January,Monday,9,Fall from vehicle,Single Vehicle,153.038785,-27.441805,Abbotsford Rd,<Null>,Bowen Hills,Brisbane City,4006,Fortitude Valley,North Brisbane,Brisbane,SEQ North,Metropolitan,Newstead - Bowen Hills,Brisbane Inner - North,Brisbane Inner City,Major Cities,Mcconnel,Brisbane,Locally-controlled,Merge Lane,No traffic control,0 - 50 km/h,Sealed - Dry,Clear,Daylight,Straight,Grade,608,Veh'S On Path: Accident Or Broken Down,Hit parked vehicle,0,1,0,0,1,1,1,0,0,0,0,1,0.001202,0
20,Polygon,1,20,2,Alexandra St,247754,Hospitalisation,2002,May,Monday,8,Angle,Multi-Vehicle,150.517559,-23.35602,Alexandra St,<Null>,Park Avenue,Rockhampton Region,4701,North Rockhampton,Capricornia,Central,Central,Central Queensland,Park Avenue,Rockhampton,Central Queensland,Inner Regional,Rockhampton,Capricornia,Locally-controlled,Median Opening,No traffic control,60 km/h,Sealed - Dry,Clear,Daylight,Straight,Grade,202,Veh'S Opposite Approach: Thru-Right,Opposing vehicles turning,0,1,0,0,1,2,0,0,0,0,0,0,0.001181,0
21,Polygon,1,21,2,Brisbane - Beenleigh Rd,68384,Hospitalisation,2002,February,Sunday,15,Rear-end,Multi-Vehicle,153.143864,-27.693486,Brisbane - Beenleigh Rd,<Null>,Waterford,Logan City,4133,Beenleigh,Logan,South Eastern,SEQ South,South Coast,Bethania - Waterford,Loganlea - Carbrook,Logan - Beaudesert,Major Cities,Waterford,Forde,State-controlled,Merge Lane,No traffic control,70 km/h,Sealed - Dry,Clear,Daylight,Straight,Level,301,Veh'S Same Direction: Rear End,Rear-end,0,1,0,0,1,5,0,0,0,0,0,0,0.001203,0
22,Polygon,1,22,2,Buccleugh St,139419,Hospitalisation,2002,June,Tuesday,10,Sideswipe,Multi-Vehicle,153.138347,-26.789191,Buccleugh St,<Null>,Moffat Beach,Sunshine Coast Region,4551,Caloundra,Sunshine Coast,Central,SEQ North,North Coast and Wide Bay/Burnett,Moffat Beach - Battery Hill,Caloundra,Sunshine Coast,Major Cities,Caloundra,Fisher,Locally-controlled,Median Opening,No traffic control,60 km/h,Sealed - Dry,Clear,Daylight,Straight,Level,308,Veh'S Same Direction: Right Turn S/Swipe,Parallel lanes turning,0,1,0,0,1,1,1,0,0,0,0,0,0.001198,0
23,Polygon,1,23,2,Cleveland Sub-Arterial Rd,101266,Hospitalisation,2002,January,Tuesday,16,Angle,Multi-Vehicle,153.142384,-27.508431,Cleveland Sub-Arterial Rd,<Null>,Chandler,Brisbane City,4155,Capalaba,South Brisbane,Brisbane,SEQ South,Metropolitan,Belmont - Gumdale,Capalaba,Brisbane - East,Major Cities,Chatsworth,Bonner,State-controlled,Median Opening,No traffic control,80 - 90 km/h,Sealed - Dry,Clear,Daylight,Straight,Dip,202,Veh'S Opposite Approach: Thru-Right,Opposing vehicles turning,0,1,0,1,2,2,0,0,0,0,0,0,0.001202,0
24,Polygon,1,24,2,Discovery Dr,145129,Hospitalisation,2002,May,Tuesday,21,Hit parked vehicle,Single Vehicle,153.335889,-27.920033,Discovery Dr,<Null>,Helensvale,Gold Coast City,4212,Coomera,Gold Coast,South Eastern,SEQ South,South Coast,Helensvale,Ormeau - Oxenford,Gold Coast,Major Cities,Theodore,Fadden,Locally-controlled,Merge Lane,No traffic control,60 km/h,Sealed - Wet,Raining,Darkness - Lighted,Curved - view open,Level,803,Off Path-Curve: Off Cway Rt Bend Hit Obj,Off carriageway on curve hit object,0,1,1,0,2,2,0,0,0,0,0,0,0.001205,0
25,Polygon,14,25,2,Emu Creek Rd,72399,Hospitalisation,2002,December,Friday,13,Hit object,Single Vehicle,0,0,Forestry Rd,<Null>,Unknown,Unknown,<Null>,Unknown,Unknown,Unknown,Unknown,Unknown,Unknown,Unknown,Unknown,Unknown,Unknown,Unknown,Locally-controlled,Forestry/National Park Road,No traffic control,100 - 110 km/h,Unsealed - Wet,Clear,Daylight,Curved - view open,Level,800,Off Path-Curve: Other,Other,0,1,0,0,1,1,0,0,0,0,0,0,0.001131,0
26,Polygon,1,26,2,Evans Ave,260207,Hospitalisation,2002,November,Tuesday,16,Angle,Multi-Vehicle,149.18808,-21.125082,Evans Ave,<Null>,North Mackay,Mackay Region,4740,Mackay,Mackay,Central,Central,Central Queensland,North Mackay,Mackay,Mackay - Isaac - Whitsunday,Inner Regional,Mackay,Dawson,Locally-controlled,Median Opening,No traffic control,60 km/h,Sealed - Dry,Clear,Daylight,Straight,Level,202,Veh'S Opposite Approach: Thru-Right,Opposing vehicles turning,0,1,0,0,1,1,0,0,0,0,0,1,0.001171,0
27,Polygon,1,27,2,Flinders St E,279746,Hospitalisation,2002,December,Thursday,6,Angle,Multi-Vehicle,146.81961,-19.257674,Flinders St E,<Null>,Townsville City,Townsville City,4810,Townsville,Townsville,Northern,Northern,North Queensland,Townsville City - North Ward,Townsville,Townsville,Outer Regional,Townsville,Herbert,Locally-controlled,Median Opening,No traffic control,60 km/h,Sealed - Dry,Clear,Daylight,Straight,Level,308,Veh'S Same Direction: Right Turn S/Swipe,Parallel lanes turning,0,1,0,0,1,1,0,1,0,0,0,0,0.001164,0
28,Polygon,1,28,2,Hamilton Rd,65896,Hospitalisation,2002,July,Wednesday,15,Angle,Multi-Vehicle,152.988893,-27.379631,Hamilton Rd,<Null>,Mcdowall,Brisbane City,4053,Albany Creek,North Brisbane,Brisbane,SEQ North,Metropolitan,Mcdowall,Bald Hills - Everton Park,Brisbane - North,Major Cities,Aspley,Lilley,Locally-controlled,Median Opening,No traffic control,60 km/h,Sealed - Dry,Clear,Daylight,Straight,Level,400,Veh'S Manoeuvring: Other,Other,0,1,0,0,1,1,0,0,0,1,0,0,0.001202,0
29,Polygon,14,29,2,Hornsby Rd,72399,Hospitalisation,2002,December,Friday,13,Hit object,Single Vehicle,0,0,Forestry Rd,<Null>,Unknown,Unknown,<Null>,Unknown,Unknown,Unknown,Unknown,Unknown,Unknown,Unknown,Unknown,Unknown,Unknown,Unknown,Locally-controlled,Forestry/National Park Road,No traffic control,100 - 110 km/h,Unsealed - Wet,Clear,Daylight,Curved - view open,Level,800,Off Path-Curve: Other,Other,0,1,0,0,1,1,0,0,0,0,0,0,0.001131,0
30,Polygon,2,30,2,Lamington National Park Rd,140981,Hospitalisation,2002,June,Sunday,19,Hit object,Single Vehicle,153.151816,-28.032413,Lamington National Park Rd,<Null>,Canungra,Scenic Rim Region,4275,Canungra,Logan,South Eastern,SEQ South,South Coast,Tamborine - Canungra,Gold Coast Hinterland,Gold Coast,Inner Regional,Scenic Rim,Wright,State-controlled,Forestry/National Park Road,No traffic control,80 - 90 km/h,Sealed - Dry,Clear,Darkness - Not lighted,Curved - view open,Level,804,Off Path-Curve: Off Cway Lt Bend Hit Obj,Off carriageway on curve hit object,0,2,0,0,2,1,0,0,0,0,0,0,0.002411,0
31,Polygon,1,31,2,Logan Rd,44728,Fatal,2002,March,Monday,16,Angle,Multi-Vehicle,153.080536,-27.558728,Logan Rd,<Null>,Upper Mount Gravatt,Brisbane City,4122,Upper Mount Gravatt,South Brisbane,Brisbane,SEQ South,Metropolitan,Upper Mount Gravatt,Mt Gravatt,Brisbane - South,Major Cities,Mansfield,Bonner,Locally-controlled,Median Opening,No traffic control,60 km/h,Sealed - Dry,Clear,Daylight,Straight,Level,207,Veh'S Opposite Approach: U-Turn,U-turn,1,0,0,0,1,1,1,0,0,0,0,0,0.001203,0
32,Polygon,1,32,2,Markeri St,134436,Fatal,2002,July,Saturday,17,Hit object,Single Vehicle,153.426067,-28.047918,Markeri St,<Null>,Mermaid Waters,Gold Coast City,4218,Broadbeach,Gold Coast,South Eastern,SEQ South,South Coast,Mermaid Waters,Broadbeach - Burleigh,Gold Coast,Major Cities,Mermaid Beach,Moncrieff,Locally-controlled,Median Opening,No traffic control,60 km/h,Sealed - Dry,Clear,Daylight,Curved - view open,Level,201,Veh'S Opposite Approach: Head On,Head-on,1,0,0,0,1,1,1,0,0,0,0,0,0.001206,0
33,Polygon,1,33,2,Maroochydore Rd,152644,Hospitalisation,2002,May,Friday,6,Rear-end,Multi-Vehicle,153.002475,-26.673732,Maroochydore Rd,<Null>,Forest Glen,Sunshine Coast Region,4556,Maroochydore,Sunshine Coast,Central,SEQ North,North Coast and Wide Bay/Burnett,Diddillibah - Rosemount,Nambour,Sunshine Coast,Major Cities,Ninderry,Fairfax,State-controlled,Merge Lane,No traffic control,80 - 90 km/h,Sealed - Dry,Clear,Daylight,Straight,Level,408,Veh'S Manoeuvring: Entering From Footway,Vehicle leaving driveway,0,1,0,2,3,1,0,1,0,0,0,0,0.001198,0
34,Polygon,1,34,2,Melbourne St,52187,Hospitalisation,2002,March,Saturday,18,Hit pedestrian,Hit pedestrian,153.018486,-27.473811,Melbourne St,<Null>,South Brisbane,Brisbane City,4101,West End,South Brisbane,Brisbane,SEQ South,Metropolitan,South Brisbane,Brisbane Inner,Brisbane Inner City,Major Cities,South Brisbane,Griffith,State-controlled,Median Opening,Operating traffic lights,0 - 50 km/h,Sealed - Wet,Raining,Dawn/Dusk,Straight,Level,1,Ped'N: Near Side Vehicle Hit From Right,Pedestrian,0,1,0,0,1,1,0,0,0,0,1,0,0.001202,0
35,Polygon,1,35,2,Mt Lindesay Art. Rd,307207,Hospitalisation,2002,June,Sunday,10,Overturned,Single Vehicle,153.051436,-27.611231,Mt Lindesay Art. Rd,<Null>,Calamvale,Brisbane City,4116,Calamvale,South Brisbane,Brisbane,SEQ South,Metropolitan,Calamvale - Stretton,Rocklea - Acacia Ridge,Brisbane - South,Major Cities,Stretton,Rankin,State-controlled,Merge Lane,No traffic control,80 - 90 km/h,Sealed - Dry,Clear,Daylight,Straight,Level,701,Off Path-Straight: Left Off Cway,Off carriageway on straight,0,3,0,0,3,1,0,0,0,0,0,0,0.001203,0
36,Polygon,1,36,2,Philip St,243271,Hospitalisation,2002,September,Tuesday,17,Angle,Multi-Vehicle,151.242387,-23.870551,Philip St,<Null>,West Gladstone,Gladstone Region,4680,Gladstone,Capricornia,Central,Central,Central Queensland,West Gladstone,Gladstone,Central Queensland,Inner Regional,Gladstone,Flynn,State-controlled,Median Opening,Give way sign,60 km/h,Sealed - Dry,Clear,Dawn/Dusk,Straight,Level,406,Veh'S Manoeuvring: Leaving Driveway,Vehicle leaving driveway,0,1,0,0,1,1,0,1,0,0,0,0,0.001183,0
37,Polygon,14,37,2,Scenic Forestry Dr,72399,Hospitalisation,2002,December,Friday,13,Hit object,Single Vehicle,0,0,Forestry Rd,<Null>,Unknown,Unknown,<Null>,Unknown,Unknown,Unknown,Unknown,Unknown,Unknown,Unknown,Unknown,Unknown,Unknown,Unknown,Locally-controlled,Forestry/National Park Road,No traffic control,100 - 110 km/h,Unsealed - Wet,Clear,Daylight,Curved - view open,Level,800,Off Path-Curve: Other,Other,0,1,0,0,1,1,0,0,0,0,0,0,0.001131,0
38,Polygon,1,38,2,Smith St Connection Rd,168660,Hospitalisation,2002,September,Monday,17,Sideswipe,Multi-Vehicle,153.395201,-27.961931,Smith St Connection Rd,<Null>,Southport,Gold Coast City,4215,Southport,Gold Coast,South Eastern,SEQ South,South Coast,Southport - North,Southport,Gold Coast,Major Cities,Bonney,Moncrieff,State-controlled,Merge Lane,No traffic control,70 km/h,Sealed - Dry,Clear,Dawn/Dusk,Straight,Level,305,Veh'S Same Direction: Lane Side Swipe,Lane changes,0,1,1,0,2,2,0,0,0,0,0,0,0.001205,0
39,Polygon,1,39,2,South East Arterial Rd,9790,Hospitalisation,2002,August,Tuesday,14,Rear-end,Multi-Vehicle,153.021316,-27.470658,South East Arterial Rd,<Null>,Brisbane City,Brisbane City,4000,Brisbane City,North Brisbane,Brisbane,SEQ North,Metropolitan,Brisbane City,Brisbane Inner,Brisbane Inner City,Major Cities,Mcconnel,Brisbane,State-controlled,Merge Lane,No traffic control,70 km/h,Sealed - Wet,Raining,Daylight,Straight,Level,301,Veh'S Same Direction: Rear End,Rear-end,0,1,0,0,1,1,0,0,0,0,0,1,0.001202,0
40,Polygon,1,40,2,Stumers Rd,80945,Hospitalisation,2002,May,Thursday,16,Overturned,Single Vehicle,152.767836,-27.516094,Stumers Rd,<Null>,Kholo,Brisbane City,4306,Karana Downs,Ipswich,Southern,SEQ North,Metropolitan,Karana Downs,Ipswich Inner,Ipswich,Inner Regional,Moggill,Blair,Locally-controlled,Forestry/National Park Road,No traffic control,60 km/h,Unsealed - Dry,Smoke/Dust,Daylight,Straight,Level,705,Off Path-Straight:Out Of Control On Cway,Out of control on straight,0,1,0,0,1,1,0,0,0,0,0,0,0.001202,0
41,Polygon,14,41,2,Unnamed Rd,72399,Hospitalisation,2002,December,Friday,13,Hit object,Single Vehicle,0,0,Forestry Rd,<Null>,Unknown,Unknown,<Null>,Unknown,Unknown,Unknown,Unknown,Unknown,Unknown,Unknown,Unknown,Unknown,Unknown,Unknown,Locally-controlled,Forestry/National Park Road,No traffic control,100 - 110 km/h,Unsealed - Wet,Clear,Daylight,Curved - view open,Level,800,Off Path-Curve: Other,Other,0,1,0,0,1,1,0,0,0,0,0,0,0.001131,0
42,Polygon,1,42,2,Wises Rd,152763,Hospitalisation,2002,September,Wednesday,8,Sideswipe,Multi-Vehicle,153.084109,-26.671139,Wises Rd,<Null>,Buderim,Sunshine Coast Region,4556,Maroochydore,Sunshine Coast,Central,SEQ North,North Coast and Wide Bay/Burnett,Buderim - North,Buderim,Sunshine Coast,Major Cities,Buderim,Fairfax,Locally-controlled,Median Opening,No traffic control,60 km/h,Sealed - Dry,Clear,Daylight,Straight,Level,102,Veh'S Adjacent Approach: Right-Thru,Intersection from adjacent approaches,0,1,0,0,1,1,1,0,0,0,0,0,0.001198,0
43,Polygon,1,43,2,Beckett Rd,66042,Fatal,2003,November,Sunday,15,Sideswipe,Multi-Vehicle,152.990213,-27.371883,Beckett Rd,<Null>,Bridgeman Downs,Brisbane City,4035,Albany Creek,North Brisbane,Brisbane,SEQ North,Metropolitan,Bridgeman Downs,Bald Hills - Everton Park,Brisbane - North,Major Cities,Aspley,Dickson,Locally-controlled,Merge Lane,No traffic control,60 km/h,Sealed - Dry,Clear,Daylight,Straight,Level,305,Veh'S Same Direction: Lane Side Swipe,Lane changes,1,0,0,0,1,1,1,0,0,0,0,0,0.001202,0
44,Polygon,1,44,2,Beenleigh - Redland Bay Rd,309786,Hospitalisation,2003,May,Friday,15,Hit object,Single Vehicle,153.240524,-27.678025,Beenleigh - Redland Bay Rd,<Null>,Carbrook,Logan City,4130,Loganholme,Logan,South Eastern,SEQ South,South Coast,Cornubia - Carbrook,Loganlea - Carbrook,Logan - Beaudesert,Major Cities,Macalister,Forde,State-controlled,Merge Lane,No traffic control,80 - 90 km/h,Sealed - Dry,Clear,Daylight,Straight,Level,703,Off Path-Straight: Left Off Cway Hit Obj,Off carriageway on straight hit object,0,1,0,0,1,1,0,0,0,0,0,0,0.001203,0
45,Polygon,1,45,2,Cleveland Sub-Arterial Rd,101697,Hospitalisation,2003,March,Friday,16,Rear-end,Multi-Vehicle,153.139577,-27.507376,Cleveland Sub-Arterial Rd,<Null>,Belmont,Brisbane City,4153,Capalaba,South Brisbane,Brisbane,SEQ South,Metropolitan,Belmont - Gumdale,Capalaba,Brisbane - East,Major Cities,Chatsworth,Bonner,State-controlled,Median Opening,No traffic control,80 - 90 km/h,Sealed - Wet,Raining,Daylight,Straight,Level,303,Veh'S Same Direction: Right Rear,Rear-end,0,1,0,0,1,2,0,0,0,0,0,0,0.001202,0
46,Polygon,2,46,2,Cotlew St,169309,Hospitalisation,2003,November,Wednesday,13,Angle,Multi-Vehicle,153.382968,-27.986503,Cotlew St,<Null>,Ashmore,Gold Coast City,4214,Southport,Gold Coast,South Eastern,SEQ South,South Coast,Ashmore,Southport,Gold Coast,Major Cities,Southport,Moncrieff,Locally-controlled,Median Opening,No traffic control,60 km/h,Sealed - Dry,Clear,Daylight,Straight,Grade,202,Veh'S Opposite Approach: Thru-Right,Opposing vehicles turning,0,1,3,0,4,2,0,0,0,0,0,0,0.001205,0