OBJECTID,Shape,Join_Count,TARGET_FID,Crash_Year,Crash_Street,Crash_Ref_Number,Crash_Severity,Crash_Year,Crash_Month,Crash_Day_Of_Week,Crash_Hour,Crash_Nature,Crash_Type,Crash_Longitude_GDA94,Crash_Latitude_GDA94,Crash_Street,Crash_Street_Intersecting,Loc_Suburb,Loc_Local_Government_Area,Loc_Post_Code,Loc_Police_Division,Loc_Police_District,Loc_Police_Region,Loc_Queensland_Transport_Region,Loc_Main_Roads_Region,Loc_ABS_Statistical_Area_2,Loc_ABS_Statistical_Area_3,Loc_ABS_Statistical_Area_4,Loc_ABS_Remoteness,Loc_State_Electorate,Loc_Federal_Electorate,Crash_Controlling_Authority,Crash_Roadway_Feature,Crash_Traffic_Control,Crash_Speed_Limit,Crash_Road_Surface_Condition,Crash_Atmospheric_Condition,Crash_Lighting_Condition,Crash_Road_Horiz_Align,Crash_Road_Vert_Align,Crash_DCA_Code,Crash_DCA_Description,Crash_DCA_Group_Description,Count_Casualty_Fatality,Count_Casualty_Hospitalised,Count_Casualty_MedicallyTreated,Count_Casualty_MinorInjury,Count_Casualty_Total,Count_Unit_Car,Count_Unit_Motorcycle_Moped,Count_Unit_Truck,Count_Unit_Bus,Count_Unit_Bicycle,Count_Unit_Pedestrian,Count_Unit_Other,Shape_Length,Shape_Area
180,Polygon,1,180,2,Smiths Rd,129847,Hospitalisation,2006,March,Monday,17,Angle,Multi-Vehicle,152.892676,-27.608621,Smiths Rd,<Null>,Goodna,Ipswich City,4300,Goodna,Ipswich,Southern,SEQ South,Metropolitan,Goodna,Springfield - Redbank,Ipswich,Major Cities,Bundamba,Oxley,Locally-controlled,Median Opening,No traffic control,60 km/h,Sealed - Dry,Clear,Dawn/Dusk,Straight,Level,304,Veh'S Same Direction: U-Turn,U-turn,0,1,0,0,1,1,1,0,0,0,0,0,0.001203,0
181,Polygon,1,181,2,South East Arterial Rd,11917,Hospitalisation,2006,July,Tuesday,17,Rear-end,Multi-Vehicle,153.024028,-27.473978,South East Arterial Rd,<Null>,Brisbane City,Brisbane City,4000,Brisbane City,North Brisbane,Brisbane,SEQ North,Metropolitan,Brisbane City,Brisbane Inner,Brisbane Inner City,Major Cities,Mcconnel,Brisbane,State-controlled,Merge Lane,No traffic control,60 km/h,Sealed - Dry,Clear,Daylight,Straight,Grade,301,Veh'S Same Direction: Rear End,Rear-end,0,2,0,0,2,3,0,0,0,0,0,0,0.001202,0
182,Polygon,1,182,2,Teewah Beach Rd,219605,Hospitalisation,2006,December,Saturday,19,Hit pedestrian,Hit pedestrian,153.141603,-26.030894,Teewah Beach Rd,<Null>,Cooloola,Gympie Region,4580,Tin Can Bay,Wide Bay Burnett,Central,Southern,North Coast and Wide Bay/Burnett,Cooloola,Gympie - Cooloola,Wide Bay,Inner Regional,Gympie,Wide Bay,Locally-controlled,Forestry/National Park Road,No traffic control,80 - 90 km/h,Unsealed - Wet,Clear,Darkness - Not lighted,Straight,Level,4,Ped'N: Play; Work; Stand; Lie On C'Way,Pedestrian,0,1,0,0,1,1,0,0,0,0,1,0,0.001194,0
183,Polygon,1,183,2,Tin Can Bay Rd,208330,Hospitalisation,2006,May,Saturday,12,Head-on,Multi-Vehicle,152.739417,-26.110546,Tin Can Bay Rd,<Null>,Ross Creek,Gympie Region,4570,Gympie,Wide Bay Burnett,Central,Southern,North Coast and Wide Bay/Burnett,Gympie Region,Gympie - Cooloola,Wide Bay,Inner Regional,Gympie,Wide Bay,State-controlled,Merge Lane,No traffic control,100 - 110 km/h,Sealed - Dry,Clear,Daylight,Straight,Level,201,Veh'S Opposite Approach: Head On,Head-on,0,1,1,0,2,3,0,0,0,0,0,0,0.001195,0
184,Polygon,1,184,2,Unnamed Forestry Rd,197992,Hospitalisation,2006,August,Sunday,15,Hit pedestrian,Hit pedestrian,152.941244,-26.923593,Unnamed Forestry Rd,<Null>,Glass House Mountains,Sunshine Coast Region,4518,Beerwah,Sunshine Coast,Central,SEQ North,North Coast and Wide Bay/Burnett,Glass House Mountains,Sunshine Coast Hinterland,Sunshine Coast,Inner Regional,Glass House,Fisher,Locally-controlled,Forestry/National Park Road,No traffic control,60 km/h,Unsealed - Wet,Clear,Daylight,Straight,Grade,4,Ped'N: Play; Work; Stand; Lie On C'Way,Pedestrian,0,1,0,0,1,1,0,0,0,0,1,0,0.001199,0
185,Polygon,14,185,2,Upper Stoney Ck Rd,72399,Hospitalisation,2006,December,Friday,13,Hit object,Single Vehicle,0,0,Forestry Rd,<Null>,Unknown,Unknown,<Null>,Unknown,Unknown,Unknown,Unknown,Unknown,Unknown,Unknown,Unknown,Unknown,Unknown,Unknown,Locally-controlled,Forestry/National Park Road,No traffic control,100 - 110 km/h,Unsealed - Wet,Clear,Daylight,Curved - view open,Level,800,Off Path-Curve: Other,Other,0,1,0,0,1,1,0,0,0,0,0,0,0.001131,0
186,Polygon,1,186,2,Upton St,136018,Hospitalisation,2006,September,Friday,14,Angle,Multi-Vehicle,153.410717,-28.006023,Upton St,<Null>,Bundall,Gold Coast City,4217,Broadbeach,Gold Coast,South Eastern,SEQ South,South Coast,Bundall,Surfers Paradise,Gold Coast,Major Cities,Southport,Moncrieff,Locally-controlled,Median Opening,No traffic control,60 km/h,Sealed - Dry,Clear,Daylight,Straight,Level,406,Veh'S Manoeuvring: Leaving Driveway,Vehicle leaving driveway,0,1,0,0,1,5,0,0,0,0,0,0,0.001205,0
187,Polygon,1,187,2,Waterworks Rd,5737,Hospitalisation,2006,November,Thursday,7,Angle,Multi-Vehicle,152.96092,-27.446353,Waterworks Rd,<Null>,The Gap,Brisbane City,4061,The Gap,North Brisbane,Brisbane,SEQ North,Metropolitan,The Gap,The Gap - Enoggera,Brisbane - West,Major Cities,Cooper,Ryan,Locally-controlled,Median Opening,No traffic control,60 km/h,Sealed - Dry,Clear,Daylight,Straight,Level,202,Veh'S Opposite Approach: Thru-Right,Opposing vehicles turning,0,1,0,0,1,1,1,0,0,0,0,0,0.001202,0
188,Polygon,1,188,2,Wondall Rd,57951,Fatal,2006,October,Saturday,9,Hit pedestrian,Hit pedestrian,153.16436,-27.457789,Wondall Rd,<Null>,Wynnum West,Brisbane City,4178,Wynnum,South Brisbane,Brisbane,SEQ South,Metropolitan,Wynnum West - Hemmant,Wynnum - Manly,Brisbane - East,Major Cities,Lytton,Bonner,Locally-controlled,Median Opening,No traffic control,60 km/h,Sealed - Dry,Clear,Daylight,Straight,Level,3,Ped'N: Far Side Vehicle Hit From Left,Pedestrian,1,0,0,0,1,1,0,0,0,0,1,0,0.001202,0
189,Polygon,1,189,2,Beams Rd,62614,Hospitalisation,2007,November,Saturday,8,Angle,Multi-Vehicle,153.026353,-27.348203,Beams Rd,<Null>,Carseldine,Brisbane City,4034,Carseldine,North Brisbane,Brisbane,SEQ North,Metropolitan,Carseldine,Bald Hills - Everton Park,Brisbane - North,Major Cities,Aspley,Petrie,Locally-controlled,Median Opening,No traffic control,60 km/h,Sealed - Dry,Clear,Daylight,Straight,Level,406,Veh'S Manoeuvring: Leaving Driveway,Vehicle leaving driveway,0,1,3,0,4,2,0,0,0,0,0,0,0.001201,0
190,Polygon,1,190,2,Beenleigh Connection Rd,69724,Hospitalisation,2007,May,Thursday,15,Angle,Multi-Vehicle,153.186553,-27.713947,Beenleigh Connection Rd,<Null>,Beenleigh,Logan City,4207,Beenleigh,Logan,South Eastern,SEQ South,South Coast,Beenleigh,Beenleigh,Logan - Beaudesert,Major Cities,Macalister,Forde,State-controlled,Merge Lane,No traffic control,60 km/h,Sealed - Dry,Clear,Daylight,Straight,Grade,203,Veh'S Opposite Approach: Right-Left,Opposing vehicles turning,0,1,0,0,1,1,1,0,0,0,0,0,0.001204,0
191,Polygon,1,191,2,Breakfast Ck Rd,19821,Hospitalisation,2007,July,Thursday,16,Hit object,Single Vehicle,153.042221,-27.449651,Breakfast Ck Rd,<Null>,Newstead,Brisbane City,4006,Fortitude Valley,North Brisbane,Brisbane,SEQ North,Metropolitan,Newstead - Bowen Hills,Brisbane Inner - North,Brisbane Inner City,Major Cities,Mcconnel,Brisbane,Locally-controlled,Merge Lane,No traffic control,60 km/h,Sealed - Dry,Clear,Daylight,Curved - view open,Level,803,Off Path-Curve: Off Cway Rt Bend Hit Obj,Off carriageway on curve hit object,0,1,0,0,1,0,1,0,0,0,0,0,0.001202,0
192,Polygon,4,192,2,Browns Plains Rd,98305,Hospitalisation,2007,December,Tuesday,14,Angle,Multi-Vehicle,153.040175,-27.66083,Browns Plains Rd,<Null>,Browns Plains,Logan City,4118,Browns Plains,Logan,South Eastern,SEQ South,South Coast,Browns Plains,Browns Plains,Logan - Beaudesert,Major Cities,Algester,Rankin,Locally-controlled,Median Opening,Operating traffic lights,60 km/h,Sealed - Dry,Clear,Daylight,Straight,Level,202,Veh'S Opposite Approach: Thru-Right,Opposing vehicles turning,0,1,0,0,1,3,0,0,0,0,0,0,0.001203,0
193,Polygon,1,193,2,Bunda St,289139,Hospitalisation,2007,July,Friday,17,Angle,Multi-Vehicle,145.771202,-16.926116,Bunda St,<Null>,Cairns City,Cairns Region,4870,Cairns,Far North,Northern,Northern,North Queensland,Cairns City,Cairns - South,Cairns,Outer Regional,Cairns,Leichhardt,State-controlled,Median Opening,Give way sign,60 km/h,Sealed - Dry,Clear,Daylight,Straight,Level,406,Veh'S Manoeuvring: Leaving Driveway,Vehicle leaving driveway,0,1,0,0,1,2,0,0,0,0,0,0,0.001156,0
194,Polygon,1,194,2,Burpengary - Caboolture Rd,74813,Hospitalisation,2007,October,Saturday,12,Angle,Multi-Vehicle,152.954169,-27.117824,Burpengary - Caboolture Rd,<Null>,Morayfield,Moreton Bay Region,4506,Caboolture,Moreton,Southern,SEQ North,North Coast and Wide Bay/Burnett,Caboolture - South,Caboolture,Moreton Bay - North,Major Cities,Morayfield,Longman,State-controlled,Median Opening,Operating traffic lights,60 km/h,Sealed - Dry,Clear,Daylight,Straight,Level,202,Veh'S Opposite Approach: Thru-Right,Opposing vehicles turning,0,1,4,0,5,3,0,0,0,0,0,0,0.0012,0
195,Polygon,3,195,2,Cotlew St,169309,Hospitalisation,2007,November,Wednesday,13,Angle,Multi-Vehicle,153.382968,-27.986503,Cotlew St,<Null>,Ashmore,Gold Coast City,4214,Southport,Gold Coast,South Eastern,SEQ South,South Coast,Ashmore,Southport,Gold Coast,Major Cities,Southport,Moncrieff,Locally-controlled,Median Opening,No traffic control,60 km/h,Sealed - Dry,Clear,Daylight,Straight,Grade,202,Veh'S Opposite Approach: Thru-Right,Opposing vehicles turning,0,1,3,0,4,2,0,0,0,0,0,0,0.001205,0
196,Polygon,2,196,2,Creek Rd,23253,Hospitalisation,2007,July,Monday,8,Rear-end,Multi-Vehicle,153.095193,-27.52867,Creek Rd,<Null>,Mount Gravatt East,Brisbane City,4122,Holland Park,South Brisbane,Brisbane,SEQ South,Metropolitan,Mansfield (qld),Mt Gravatt,Brisbane - South,Major Cities,Mansfield,Bonner,Locally-controlled,Median Opening,No traffic control,70 km/h,Sealed - Dry,Clear,Daylight,Straight,Crest,304,Veh'S Same Direction: U-Turn,U-turn,0,1,0,0,1,3,0,0,0,0,0,0,0.002405,0
197,Polygon,3,197,2,Danbulla Rd,285033,Hospitalisation,2007,February,Sunday,9,Head-on,Multi-Vehicle,145.57733,-17.153547,Danbulla Rd,<Null>,Tinaroo,Tablelands Region,4872,Atherton,Far North,Northern,Northern,North Queensland,Malanda - Yungaburra,Tablelands (east) - Kuranda,Cairns,Outer Regional,Hill,Kennedy,Locally-controlled,Forestry/National Park Road,No traffic control,80 - 90 km/h,Unsealed - Dry,Clear,Daylight,Curved - view obscured,Level,201,Veh'S Opposite Approach: Head On,Head-on,0,1,0,1,2,2,0,0,0,0,0,0,0.003471,0
198,Polygon,1,198,2,Dandenong Rd,313327,Hospitalisation,2007,August,Monday,18,Angle,Multi-Vehicle,152.935962,-27.55024,Dandenong Rd,<Null>,Mount Ommaney,Brisbane City,4074,Mount Ommaney,South Brisbane,Brisbane,SEQ South,Metropolitan,Jindalee - Mount Ommaney,Centenary,Brisbane - West,Major Cities,Mount Ommaney,Oxley,Locally-controlled,Median Opening,No traffic control,60 km/h,Sealed - Dry,Clear,Darkness - Lighted,Straight,Grade,406,Veh'S Manoeuvring: Leaving Driveway,Vehicle leaving driveway,0,1,0,0,1,2,0,0,0,0,0,0,0.001203,0
199,Polygon,1,199,2,Eimeo Rd,261992,Hospitalisation,2007,January,Wednesday,8,Angle,Multi-Vehicle,149.160113,-21.063756,Eimeo Rd,<Null>,Rural View,Mackay Region,4740,Mackay Northern Beaches,Mackay,Central,Central,Central Queensland,Eimeo - Rural View,Mackay,Mackay - Isaac - Whitsunday,Inner Regional,Whitsunday,Dawson,State-controlled,Median Opening,Stop sign,60 km/h,Sealed - Wet,Raining,Daylight,Straight,Level,406,Veh'S Manoeuvring: Leaving Driveway,Vehicle leaving driveway,0,2,0,0,2,2,0,0,0,0,0,0,0.001171,0
200,Polygon,1,200,2,Fitzgerald Ave,90570,Hospitalisation,2007,April,Tuesday,17,Angle,Multi-Vehicle,153.125949,-27.611939,Fitzgerald Ave,<Null>,Springwood,Logan City,4127,Springwood,Logan,South Eastern,SEQ South,South Coast,Springwood,Springwood - Kingston,Logan - Beaudesert,Major Cities,Springwood,Rankin,Locally-controlled,Median Opening,No traffic control,0 - 50 km/h,Sealed - Dry,Clear,Dawn/Dusk,Straight,Grade,309,Veh'S Same Direction: Left Turn S/Swipe,Parallel lanes turning,0,1,0,0,1,1,1,0,0,0,0,0,0.001203,0
201,Polygon,1,201,2,Gateway Arterial Rd,35906,Hospitalisation,2007,March,Friday,6,Sideswipe,Multi-Vehicle,153.104709,-27.451722,Gateway Arterial Rd,<Null>,Murarrie,Brisbane City,4172,Wynnum,South Brisbane,Brisbane,SEQ South,Metropolitan,Murarrie,Wynnum - Manly,Brisbane - East,Major Cities,Bulimba,Bonner,State-controlled,Merge Lane,No traffic control,70 km/h,Sealed - Dry,Clear,Daylight,Straight,Grade,305,Veh'S Same Direction: Lane Side Swipe,Lane changes,0,1,0,0,1,1,1,0,0,0,0,0,0.001202,0
202,Polygon,2,202,2,Griffith Arterial Rd,47475,Hospitalisation,2007,October,Saturday,11,Angle,Multi-Vehicle,153.070226,-27.56154,Griffith Arterial Rd,<Null>,Macgregor,Brisbane City,4109,Upper Mount Gravatt,South Brisbane,Brisbane,SEQ South,Metropolitan,Macgregor (qld),Mt Gravatt,Brisbane - South,Major Cities,Toohey,Moreton,State-controlled,Median Opening,No traffic control,60 km/h,Sealed - Dry,Clear,Daylight,Straight,Grade,207,Veh'S Opposite Approach: U-Turn,U-turn,0,1,0,0,1,1,1,0,0,0,0,0,0.001203,0
203,Polygon,1,203,2,Gympie Arterial Rd,62361,Hospitalisation,2007,April,Tuesday,18,Rear-end,Multi-Vehicle,153.017097,-27.366636,Gympie Arterial Rd,<Null>,Aspley,Brisbane City,4034,Carseldine,North Brisbane,Brisbane,SEQ North,Metropolitan,Aspley,Chermside,Brisbane - North,Major Cities,Aspley,Lilley,State-controlled,Median Opening,No traffic control,60 km/h,Sealed - Dry,Clear,Darkness - Lighted,Straight,Level,301,Veh'S Same Direction: Rear End,Rear-end,0,1,2,1,4,3,0,0,0,0,0,0,0.001202,0
204,Polygon,1,204,2,Hope Island Rd,145899,Hospitalisation,2007,January,Friday,7,Hit object,Single Vehicle,153.345049,-27.872683,Hope Island Rd,<Null>,Hope Island,Gold Coast City,4212,Coomera,Gold Coast,South Eastern,SEQ South,South Coast,Hope Island,Ormeau - Oxenford,Gold Coast,Major Cities,Broadwater,Fadden,State-controlled,Merge Lane,No traffic control,70 km/h,Sealed - Wet,Raining,Daylight,Straight,Level,201,Veh'S Opposite Approach: Head On,Head-on,0,2,0,0,2,2,0,0,0,0,0,0,0.001205,0
205,Polygon,1,205,2,Inala Ave,25817,Hospitalisation,2007,June,Saturday,7,Angle,Multi-Vehicle,152.99284,-27.593119,Inala Ave,<Null>,Durack,Brisbane City,4077,Inala,South Brisbane,Brisbane,SEQ South,Metropolitan,Durack,Forest Lake - Oxley,Ipswich,Major Cities,Inala,Oxley,Locally-controlled,Median Opening,No traffic control,70 km/h,Sealed - Dry,Clear,Daylight,Curved - view open,Dip,308,Veh'S Same Direction: Right Turn S/Swipe,Parallel lanes turning,0,1,1,0,2,2,0,0,0,0,0,0,0.001203,0
206,Polygon,1,206,2,Inskip Pt Rd,219628,Hospitalisation,2007,December,Monday,14,Overturned,Single Vehicle,153.072116,-25.82169,Inskip Pt Rd,<Null>,Inskip,Gympie Region,4581,Tin Can Bay,Wide Bay Burnett,Central,Southern,North Coast and Wide Bay/Burnett,Cooloola,Gympie - Cooloola,Wide Bay,Inner Regional,Gympie,Wide Bay,Locally-controlled,Forestry/National Park Road,No traffic control,0 - 50 km/h,Sealed - Dry,Clear,Daylight,Straight,Level,705,Off Path-Straight:Out Of Control On Cway,Out of control on straight,0,1,0,1,2,1,0,0,0,0,0,0,0.001193,0
207,Polygon,1,207,2,Ipswich Rd,3979,Hospitalisation,2007,October,Thursday,15,Rear-end,Multi-Vehicle,153.034382,-27.503539,Ipswich Rd,<Null>,Annerley,Brisbane City,4103,Annerley,South Brisbane,Brisbane,SEQ South,Metropolitan,Annerley,Holland Park - Yeronga,Brisbane - South,Major Cities,South Brisbane,Moreton,Locally-controlled,Merge Lane,No traffic control,60 km/h,Sealed - Dry,Clear,Daylight,Straight,Level,301,Veh'S Same Direction: Rear End,Rear-end,0,1,0,0,1,1,1,0,0,0,0,0,0.001202,0
208,Polygon,1,208,2,Jephson St,30019,Hospitalisation,2007,June,Monday,13,Angle,Multi-Vehicle,152.990311,-27.48648,Jephson St,<Null>,Toowong,Brisbane City,4066,Indooroopilly,North Brisbane,Brisbane,SEQ North,Metropolitan,Toowong,Brisbane Inner - West,Brisbane Inner City,Major Cities,Maiwar,Ryan,Locally-controlled,Median Opening,No traffic control,60 km/h,Sealed - Dry,Clear,Daylight,Straight,Grade,308,Veh'S Same Direction: Right Turn S/Swipe,Parallel lanes turning,0,1,0,0,1,1,1,0,0,0,0,0,0.001202,0
209,Polygon,1,209,2,K P Mcgrath Dr,193512,Hospitalisation,2007,August,Thursday,15,Angle,Multi-Vehicle,153.461374,-28.128127,K P Mcgrath Dr,<Null>,Elanora,Gold Coast City,4221,Palm Beach,Gold Coast,South Eastern,SEQ South,South Coast,Elanora,Coolangatta,Gold Coast,Major Cities,Currumbin,Mcpherson,Locally-controlled,Median Opening,No traffic control,60 km/h,Sealed - Dry,Clear,Daylight,Straight,Grade,400,Veh'S Manoeuvring: Other,Other,0,1,0,0,1,1,0,0,0,1,0,0,0.001206,0
210,Polygon,1,210,2,Kremzow Rd,66483,Hospitalisation,2007,May,Tuesday,6,Angle,Multi-Vehicle,152.98781,-27.318258,Kremzow Rd,<Null>,Brendale,Moreton Bay Region,4500,Albany Creek,North Brisbane,Brisbane,SEQ North,North Coast and Wide Bay/Burnett,Strathpine - Brendale,Strathpine,Moreton Bay - South,Major Cities,Pine Rivers,Dickson,Locally-controlled,Median Opening,No traffic control,60 km/h,Sealed - Dry,Clear,Daylight,Straight,Level,202,Veh'S Opposite Approach: Thru-Right,Opposing vehicles turning,0,1,0,1,2,1,1,0,0,0,0,0,0.001201,0
211,Polygon,1,211,2,Laceys Creek Rd,80525,Hospitalisation,2007,May,Friday,10,Hit object,Single Vehicle,152.706266,-27.240466,Laceys Creek Rd,<Null>,Laceys Creek,Moreton Bay Region,4521,Dayboro,North Brisbane,Brisbane,SEQ North,North Coast and Wide Bay/Burnett,Dayboro,The Hills District,Moreton Bay - South,Inner Regional,Pine Rivers,Dickson,Locally-controlled,Forestry/National Park Road,No traffic control,0 - 50 km/h,Unsealed - Dry,Clear,Daylight,Straight,Grade,704,Off Path-Straight:Right Off Cway Hit Obj,Off carriageway on straight hit object,0,1,0,0,1,1,0,0,0,0,0,0,0.001201,0
212,Polygon,1,212,2,Mackay - Slade Point Rd,262225,Hospitalisation,2007,August,Saturday,13,Fall from vehicle,Single Vehicle,149.198826,-21.117996,Mackay - Slade Point Rd,<Null>,North Mackay,Mackay Region,4740,Mackay,Mackay,Central,Central,Central Queensland,North Mackay,Mackay,Mackay - Isaac - Whitsunday,Inner Regional,Mackay,Dawson,State-controlled,Median Opening,No traffic control,80 - 90 km/h,Sealed - Dry,Clear,Daylight,Straight,Level,901,Pass & Misc: Fell In/From Vehicle,Other,0,1,0,0,1,0,1,0,0,0,0,0,0.001171,0
213,Polygon,2,213,2,Mains Rd,47440,Hospitalisation,2007,September,Friday,18,Angle,Multi-Vehicle,153.064295,-27.569935,Mains Rd,<Null>,Sunnybank,Brisbane City,4109,Upper Mount Gravatt,South Brisbane,Brisbane,SEQ South,Metropolitan,Robertson,Nathan,Brisbane - South,Major Cities,Toohey,Moreton,Locally-controlled,Median Opening,No traffic control,60 km/h,Sealed - Dry,Clear,Daylight,Straight,Level,202,Veh'S Opposite Approach: Thru-Right,Opposing vehicles turning,0,1,0,0,1,2,0,0,0,0,0,0,0.001203,0
214,Polygon,1,214,2,Millwood Rd,177882,Fatal,2007,April,Saturday,10,Head-on,Multi-Vehicle,152.860462,-26.92227,Millwood Rd,<Null>,Woodford,Moreton Bay Region,4514,Woodford,Moreton,Southern,SEQ North,North Coast and Wide Bay/Burnett,Woodford - Daguilar,Caboolture Hinterland,Moreton Bay - North,Inner Regional,Glass House,Longman,Locally-controlled,Forestry/National Park Road,No traffic control,100 - 110 km/h,Unsealed - Dry,Clear,Daylight,Straight,Dip,201,Veh'S Opposite Approach: Head On,Head-on,1,1,1,0,3,0,3,0,0,0,0,0,0.001199,0
215,Polygon,2,215,2,Nambour Connection Rd,166773,Hospitalisation,2007,October,Sunday,15,Sideswipe,Multi-Vehicle,152.990148,-26.672938,Nambour Connection Rd,<Null>,Woombye,Sunshine Coast Region,4559,Nambour,Sunshine Coast,Central,SEQ North,North Coast and Wide Bay/Burnett,Nambour,Nambour,Sunshine Coast,Major Cities,Nicklin,Fairfax,State-controlled,Median Opening,No traffic control,80 - 90 km/h,Sealed - Dry,Clear,Daylight,Straight,Level,308,Veh'S Same Direction: Right Turn S/Swipe,Parallel lanes turning,0,2,0,0,2,2,0,0,0,0,0,0,0.001198,0
216,Polygon,1,216,2,Nudgee Rd,118758,Hospitalisation,2007,September,Thursday,11,Angle,Multi-Vehicle,153.075389,-27.397546,Nudgee Rd,<Null>,Northgate,Brisbane City,4013,Hendra,North Brisbane,Brisbane,SEQ North,Metropolitan,Northgate - Virginia,Nundah,Brisbane - North,Major Cities,Nudgee,Lilley,Locally-controlled,Median Opening,No traffic control,60 km/h,Sealed - Dry,Clear,Daylight,Straight,Level,308,Veh'S Same Direction: Right Turn S/Swipe,Parallel lanes turning,0,1,0,1,2,1,0,1,0,0,0,0,0.001202,0
217,Polygon,1,217,2,Padstow Rd,47208,Hospitalisation,2007,March,Wednesday,22,Angle,Multi-Vehicle,153.087099,-27.57509,Padstow Rd,<Null>,Eight Mile Plains,Brisbane City,4113,Upper Mount Gravatt,South Brisbane,Brisbane,SEQ South,Metropolitan,Eight Mile Plains,Mt Gravatt,Brisbane - South,Major Cities,Toohey,Moreton,Locally-controlled,Median Opening,No traffic control,60 km/h,Sealed - Dry,Clear,Darkness - Lighted,Straight,Level,207,Veh'S Opposite Approach: U-Turn,U-turn,0,1,0,1,2,2,0,0,0,0,0,0,0.001203,0
218,Polygon,1,218,2,Pappas Wy W,162407,Hospitalisation,2007,November,Friday,17,Hit parked vehicle,Single Vehicle,153.341419,-28.007729,Pappas Wy W,<Null>,Nerang,Gold Coast City,4211,Nerang,Gold Coast,South Eastern,SEQ South,South Coast,Highland Park,Nerang,Gold Coast,Major Cities,Gaven,Moncrieff,Locally-controlled,Median Opening,No traffic control,0 - 50 km/h,Sealed - Dry,Clear,Daylight,Straight,Grade,703,Off Path-Straight: Left Off Cway Hit Obj,Off carriageway on straight hit object,0,1,0,0,1,2,0,0,0,0,0,0,0.001205,0
219,Polygon,1,219,2,Port Douglas Rd,299898,Hospitalisation,2007,November,Sunday,11,Angle,Multi-Vehicle,145.462389,-16.527537,Port Douglas Rd,<Null>,Port Douglas,Douglas Shire,4877,Port Douglas,Far North,Northern,Northern,North Queensland,Port Douglas,Port Douglas - Daintree,Cairns,Outer Regional,Cook,Leichhardt,State-controlled,Median Opening,No traffic control,60 km/h,Sealed - Dry,Clear,Daylight,Straight,Level,202,Veh'S Opposite Approach: Thru-Right,Opposing vehicles turning,0,3,0,0,3,2,0,0,0,0,0,0,0.001155,0
220,Polygon,1,220,2,Port Of Brisbane Rd,58104,Hospitalisation,2007,June,Friday,7,Hit parked vehicle,Single Vehicle,153.138959,-27.435669,Port Of Brisbane Rd,<Null>,Lytton,Brisbane City,4178,Wynnum,South Brisbane,Brisbane,SEQ South,Metropolitan,Wynnum West - Hemmant,Wynnum - Manly,Brisbane - East,Major Cities,Lytton,Bonner,State-controlled,Merge Lane,No traffic control,60 km/h,Sealed - Dry,Clear,Daylight,Curved - view open,Level,608,Veh'S On Path: Accident Or Broken Down,Hit parked vehicle,0,1,0,0,1,2,1,0,0,0,0,0,0.001202,0
221,Polygon,1,221,2,River St,262187,Hospitalisation,2007,July,Thursday,14,Fall from vehicle,Single Vehicle,149.188019,-21.13966,River St,<Null>,Mackay,Mackay Region,4740,Mackay,Mackay,Central,Central,Central Queensland,Mackay,Mackay,Mackay - Isaac - Whitsunday,Inner Regional,Mackay,Dawson,Locally-controlled,Median Opening,No traffic control,60 km/h,Sealed - Dry,Clear,Daylight,Straight,Level,705,Off Path-Straight:Out Of Control On Cway,Out of control on straight,0,1,0,0,1,0,0,0,0,1,0,0,0.001171,0
222,Polygon,1,222,2,Sunshine Blvd,136256,Hospitalisation,2007,May,Friday,5,Sideswipe,Multi-Vehicle,153.424985,-28.037316,Sunshine Blvd,<Null>,Broadbeach Waters,Gold Coast City,4218,Broadbeach,Gold Coast,South Eastern,SEQ South,South Coast,Broadbeach Waters,Broadbeach - Burleigh,Gold Coast,Major Cities,Mermaid Beach,Moncrieff,State-controlled,Merge Lane,No traffic control,60 km/h,Sealed - Wet,Raining,Darkness - Not lighted,Straight,Grade,300,Veh'S Same Direction: Other,Other,0,1,0,0,1,1,0,0,0,1,0,0,0.001206,0
223,Polygon,15,223,2,Unnamed Forestry Rd,72399,Hospitalisation,2007,December,Friday,13,Hit object,Single Vehicle,0,0,Forestry Rd,<Null>,Unknown,Unknown,4881,Unknown,Unknown,Unknown,Unknown,Unknown,Unknown,Unknown,Unknown,Unknown,Unknown,Unknown,Locally-controlled,Forestry/National Park Road,No traffic control,100 - 110 km/h,Unsealed - Wet,Clear,Daylight,Curved - view open,Level,800,Off Path-Curve: Other,Other,0,1,0,0,1,1,0,0,0,0,0,0,0.002287,0
224,Polygon,3,224,2,Wynnum Rd,58195,Hospitalisation,2007,October,Thursday,9,Rear-end,Multi-Vehicle,153.153313,-27.456996,Wynnum Rd,<Null>,Wynnum West,Brisbane City,4178,Wynnum,South Brisbane,Brisbane,SEQ South,Metropolitan,Wynnum West - Hemmant,Wynnum - Manly,Brisbane - East,Major Cities,Lytton,Bonner,Locally-controlled,Median Opening,Operating traffic lights,60 km/h,Sealed - Dry,Clear,Daylight,Straight,Level,301,Veh'S Same Direction: Rear End,Rear-end,0,1,0,0,1,2,0,0,0,0,0,0,0.002404,0
225,Polygon,1,225,2,Yabba Ck Rd,213617,Fatal,2007,July,Sunday,15,Hit pedestrian,Hit pedestrian,152.595006,-26.497463,Yabba Ck Rd,<Null>,Lake Borumba,Gympie Region,4570,Imbil,Wide Bay Burnett,Central,Southern,North Coast and Wide Bay/Burnett,Gympie Region,Gympie - Cooloola,Wide Bay,Inner Regional,Gympie,Wide Bay,State-controlled,Forestry/National Park Road,No traffic control,100 - 110 km/h,Sealed - Dry,Clear,Daylight,Curved - view open,Grade,0,Ped'N: Hit Other,Other,1,0,0,0,1,1,0,0,0,0,1,0,0.001197,0