OBJECTID,Shape,Join_Count,TARGET_FID,Crash_Year,Crash_Street,Crash_Ref_Number,Crash_Severity,Crash_Year,Crash_Month,Crash_Day_Of_Week,Crash_Hour,Crash_Nature,Crash_Type,Crash_Longitude_GDA94,Crash_Latitude_GDA94,Crash_Street,Crash_Street_Intersecting,Loc_Suburb,Loc_Local_Government_Area,Loc_Post_Code,Loc_Police_Division,Loc_Police_District,Loc_Police_Region,Loc_Queensland_Transport_Region,Loc_Main_Roads_Region,Loc_ABS_Statistical_Area_2,Loc_ABS_Statistical_Area_3,Loc_ABS_Statistical_Area_4,Loc_ABS_Remoteness,Loc_State_Electorate,Loc_Federal_Electorate,Crash_Controlling_Authority,Crash_Roadway_Feature,Crash_Traffic_Control,Crash_Speed_Limit,Crash_Road_Surface_Condition,Crash_Atmospheric_Condition,Crash_Lighting_Condition,Crash_Road_Horiz_Align,Crash_Road_Vert_Align,Crash_DCA_Code,Crash_DCA_Description,Crash_DCA_Group_Description,Count_Casualty_Fatality,Count_Casualty_Hospitalised,Count_Casualty_MedicallyTreated,Count_Casualty_MinorInjury,Count_Casualty_Total,Count_Unit_Car,Count_Unit_Motorcycle_Moped,Count_Unit_Truck,Count_Unit_Bus,Count_Unit_Bicycle,Count_Unit_Pedestrian,Count_Unit_Other,Shape_Length,Shape_Area
226,Polygon,1,226,2,Albany Creek Sub-Arterial Rd,62871,Hospitalisation,2008,June,Thursday,16,Hit object,Single Vehicle,153.012418,-27.363189,Albany Creek Sub-Arterial Rd,<Null>,Aspley,Brisbane City,4034,Carseldine,North Brisbane,Brisbane,SEQ North,Metropolitan,Aspley,Chermside,Brisbane - North,Major Cities,Aspley,Petrie,State-controlled,Median Opening,No traffic control,60 km/h,Sealed - Dry,Clear,Daylight,Straight,Level,703,Off Path-Straight: Left Off Cway Hit Obj,Off carriageway on straight hit object,0,1,0,0,1,0,0,0,0,1,0,0,0.001202,0
227,Polygon,1,227,2,Appleby Rd,43358,Hospitalisation,2008,May,Saturday,17,Angle,Multi-Vehicle,153.011262,-27.392102,Appleby Rd,<Null>,Stafford Heights,Brisbane City,4053,Stafford,North Brisbane,Brisbane,SEQ North,Metropolitan,Stafford Heights,Chermside,Brisbane - North,Major Cities,Stafford,Lilley,Locally-controlled,Median Opening,No traffic control,60 km/h,Sealed - Wet,Clear,Darkness - Lighted,Straight,Level,202,Veh'S Opposite Approach: Thru-Right,Opposing vehicles turning,0,1,0,0,1,2,0,0,0,0,0,0,0.001202,0
228,Polygon,2,228,2,Birkdale Rd,103362,Hospitalisation,2008,January,Tuesday,19,Rear-end,Multi-Vehicle,153.195914,-27.524628,Birkdale Rd,<Null>,Capalaba,Redland City,4157,Capalaba,South Brisbane,Brisbane,SEQ South,Metropolitan,Capalaba,Capalaba,Brisbane - East,Major Cities,Capalaba,Bowman,State-controlled,Median Opening,Operating traffic lights,0 - 50 km/h,Sealed - Dry,Clear,Dawn/Dusk,Straight,Level,301,Veh'S Same Direction: Rear End,Rear-end,0,2,0,0,2,2,0,0,0,0,0,0,0.001202,0
229,Polygon,1,229,2,Brisbane - Woodford Rd,83642,Hospitalisation,2008,May,Wednesday,16,Hit pedestrian,Hit pedestrian,152.976087,-27.269038,Brisbane - Woodford Rd,<Null>,Petrie,Moreton Bay Region,4502,Petrie,North Brisbane,Brisbane,SEQ North,North Coast and Wide Bay/Burnett,Petrie,Strathpine,Moreton Bay - South,Major Cities,Kurwongbah,Dickson,State-controlled,Median Opening,Pedestrian crossing sign,60 km/h,Sealed - Dry,Clear,Daylight,Straight,Grade,1,Ped'N: Near Side Vehicle Hit From Right,Pedestrian,0,1,0,0,1,1,0,0,0,0,1,0,0.001201,0
230,Polygon,2,230,2,Browns Plains Rd,98935,Hospitalisation,2008,April,Sunday,15,Angle,Multi-Vehicle,153.070795,-27.669485,Browns Plains Rd,<Null>,Heritage Park,Logan City,4118,Browns Plains,Logan,South Eastern,SEQ South,South Coast,Regents Park - Heritage Park,Browns Plains,Logan - Beaudesert,Major Cities,Woodridge,Rankin,Locally-controlled,Median Opening,Give way sign,0 - 50 km/h,Sealed - Dry,Clear,Daylight,Straight,Level,406,Veh'S Manoeuvring: Leaving Driveway,Vehicle leaving driveway,0,4,0,0,4,2,0,0,0,0,0,0,0.001203,0
231,Polygon,1,231,2,Bryants Rd,310624,Hospitalisation,2008,June,Friday,8,Hit pedestrian,Hit pedestrian,153.178248,-27.663037,Bryants Rd,<Null>,Shailer Park,Logan City,4128,Loganholme,Logan,South Eastern,SEQ South,South Coast,Shailer Park,Loganlea - Carbrook,Logan - Beaudesert,Major Cities,Springwood,Forde,Locally-controlled,Median Opening,Operating traffic lights,60 km/h,Sealed - Dry,Clear,Daylight,Straight,Level,3,Ped'N: Far Side Vehicle Hit From Left,Pedestrian,0,1,0,0,1,1,0,0,0,0,1,0,0.001203,0
232,Polygon,1,232,2,Buchan St,289637,Hospitalisation,2008,July,Tuesday,9,Angle,Multi-Vehicle,145.767566,-16.937131,Buchan St,<Null>,Portsmith,Cairns Region,4870,Cairns,Far North,Northern,Northern,North Queensland,Westcourt - Bungalow,Cairns - South,Cairns,Outer Regional,Cairns,Leichhardt,Locally-controlled,Median Opening,No traffic control,60 km/h,Sealed - Dry,Clear,Daylight,Straight,Level,408,Veh'S Manoeuvring: Entering From Footway,Vehicle leaving driveway,0,1,0,1,2,1,1,0,0,0,0,0,0.001156,0
233,Polygon,1,233,2,Butterfield St,20001,Hospitalisation,2008,March,Tuesday,9,Angle,Multi-Vehicle,153.027456,-27.445498,Butterfield St,<Null>,Herston,Brisbane City,4006,Fortitude Valley,North Brisbane,Brisbane,SEQ North,Metropolitan,Kelvin Grove - Herston,Brisbane Inner - North,Brisbane Inner City,Major Cities,Mcconnel,Brisbane,Locally-controlled,Median Opening,No traffic control,0 - 50 km/h,Sealed - Dry,Clear,Daylight,Straight,Level,102,Veh'S Adjacent Approach: Right-Thru,Intersection from adjacent approaches,0,1,0,0,1,1,1,0,0,0,0,0,0.001202,0
234,Polygon,1,234,2,Caloundra Rd,140289,Hospitalisation,2008,September,Saturday,16,Angle,Multi-Vehicle,153.122331,-26.804165,Caloundra Rd,<Null>,Caloundra,Sunshine Coast Region,4551,Caloundra,Sunshine Coast,Central,SEQ North,North Coast and Wide Bay/Burnett,Caloundra - Kings Beach,Caloundra,Sunshine Coast,Major Cities,Caloundra,Fisher,State-controlled,Median Opening,Operating traffic lights,60 km/h,Sealed - Dry,Clear,Daylight,Straight,Level,202,Veh'S Opposite Approach: Thru-Right,Opposing vehicles turning,0,1,0,0,1,2,0,0,0,0,0,0,0.001198,0
235,Polygon,5,235,2,Cleveland - Redland Bay Rd,79244,Hospitalisation,2008,June,Friday,7,Angle,Multi-Vehicle,153.282161,-27.588939,Cleveland - Redland Bay Rd,<Null>,Victoria Point,Redland City,4165,Cleveland,South Brisbane,Brisbane,SEQ South,Metropolitan,Victoria Point,Cleveland - Stradbroke,Brisbane - East,Major Cities,Redlands,Bowman,State-controlled,Median Opening,Operating traffic lights,60 km/h,Sealed - Dry,Clear,Daylight,Curved - view open,Level,202,Veh'S Opposite Approach: Thru-Right,Opposing vehicles turning,0,1,0,0,1,1,0,0,0,1,0,0,0.003609,0
236,Polygon,1,236,2,Cooyal Rd,208917,Hospitalisation,2008,December,Tuesday,18,Overturned,Single Vehicle,152.805731,-25.991609,Cooyal Rd,<Null>,Toolara Forest,Gympie Region,4570,Gympie,Wide Bay Burnett,Central,Southern,North Coast and Wide Bay/Burnett,Cooloola,Gympie - Cooloola,Wide Bay,Inner Regional,Gympie,Wide Bay,Locally-controlled,Forestry/National Park Road,No traffic control,100 - 110 km/h,Unsealed - Dry,Clear,Dawn/Dusk,Curved - view open,Grade,800,Off Path-Curve: Other,Other,0,3,0,0,3,1,0,0,0,0,0,0,0.001194,0
237,Polygon,2,237,2,Cotlew St,171167,Hospitalisation,2008,September,Friday,16,Angle,Multi-Vehicle,153.383099,-27.986583,Cotlew St,<Null>,Ashmore,Gold Coast City,4214,Southport,Gold Coast,South Eastern,SEQ South,South Coast,Ashmore,Southport,Gold Coast,Major Cities,Southport,Moncrieff,Locally-controlled,Median Opening,No traffic control,60 km/h,Sealed - Dry,Clear,Daylight,Straight,Crest,202,Veh'S Opposite Approach: Thru-Right,Opposing vehicles turning,0,3,2,0,5,3,0,0,0,0,0,0,0.001205,0
238,Polygon,1,238,2,Elliott St,75083,Hospitalisation,2008,May,Sunday,11,Angle,Multi-Vehicle,152.949835,-27.085851,Elliott St,<Null>,Caboolture,Moreton Bay Region,4510,Caboolture,Moreton,Southern,SEQ North,North Coast and Wide Bay/Burnett,Caboolture,Caboolture,Moreton Bay - North,Major Cities,Morayfield,Longman,Locally-controlled,Median Opening,Stop sign,0 - 50 km/h,Sealed - Dry,Clear,Daylight,Straight,Level,406,Veh'S Manoeuvring: Leaving Driveway,Vehicle leaving driveway,0,1,0,0,1,2,0,0,0,0,0,0,0.0012,0
239,Polygon,1,239,2,Everton Park - Albany Creek Rd,66703,Hospitalisation,2008,October,Tuesday,10,Rear-end,Multi-Vehicle,152.980321,-27.375495,Everton Park - Albany Creek Rd,<Null>,Bunya,Moreton Bay Region,4055,Albany Creek,North Brisbane,Brisbane,SEQ North,North Coast and Wide Bay/Burnett,The Hills District,The Hills District,Moreton Bay - South,Major Cities,Aspley,Dickson,State-controlled,Median Opening,No traffic control,80 - 90 km/h,Sealed - Dry,Clear,Daylight,Straight,Crest,301,Veh'S Same Direction: Rear End,Rear-end,0,1,0,0,1,3,0,0,0,0,0,0,0.001202,0
240,Polygon,1,240,2,Ferny Ave,176357,Hospitalisation,2008,March,Tuesday,23,Hit pedestrian,Hit pedestrian,153.42667,-28.000633,Ferny Ave,<Null>,Surfers Paradise,Gold Coast City,4217,Surfers Paradise,Gold Coast,South Eastern,SEQ South,South Coast,Surfers Paradise,Surfers Paradise,Gold Coast,Major Cities,Surfers Paradise,Moncrieff,Locally-controlled,Median Opening,Pedestrian operated lights,60 km/h,Sealed - Dry,Clear,Darkness - Lighted,Straight,Level,1,Ped'N: Near Side Vehicle Hit From Right,Pedestrian,0,1,0,0,1,1,0,0,0,0,1,0,0.001205,0
241,Polygon,1,241,2,Gayndah - Hivesville Rd,218990,Hospitalisation,2008,April,Thursday,18,Head-on,Multi-Vehicle,151.630784,-26.02069,Gayndah - Hivesville Rd,<Null>,Wigton,South Burnett Region,4612,Proston,South West,Southern,Southern,North Coast and Wide Bay/Burnett,Kingaroy Region - North,Burnett,Wide Bay,Outer Regional,Nanango,Flynn,Locally-controlled,Forestry/National Park Road,No traffic control,100 - 110 km/h,Unsealed - Dry,Clear,Dawn/Dusk,Straight,Crest,201,Veh'S Opposite Approach: Head On,Head-on,0,1,0,0,1,1,0,1,0,0,0,0,0.001194,0
242,Polygon,1,242,2,Gilston Rd,162548,Hospitalisation,2008,May,Sunday,19,Angle,Multi-Vehicle,153.332811,-28.001874,Gilston Rd,<Null>,Nerang,Gold Coast City,4211,Nerang,Gold Coast,South Eastern,SEQ South,South Coast,Nerang - Mount Nathan,Nerang,Gold Coast,Major Cities,Gaven,Moncrieff,Locally-controlled,Median Opening,No traffic control,60 km/h,Sealed - Dry,Clear,Darkness - Lighted,Straight,Level,202,Veh'S Opposite Approach: Thru-Right,Opposing vehicles turning,0,3,0,1,4,2,0,0,0,0,0,0,0.001205,0
243,Polygon,1,243,2,Gladstone - Benaraby Rd,244351,Hospitalisation,2008,November,Wednesday,17,Angle,Multi-Vehicle,151.242685,-23.870575,Gladstone - Benaraby Rd,<Null>,West Gladstone,Gladstone Region,4680,Gladstone,Capricornia,Central,Central,Central Queensland,West Gladstone,Gladstone,Central Queensland,Inner Regional,Gladstone,Flynn,State-controlled,Median Opening,No traffic control,60 km/h,Sealed - Dry,Clear,Daylight,Straight,Level,202,Veh'S Opposite Approach: Thru-Right,Opposing vehicles turning,0,1,0,0,1,2,0,0,0,0,0,0,0.001183,0
244,Polygon,2,244,2,Griffith Arterial Rd,47475,Hospitalisation,2008,October,Saturday,11,Angle,Multi-Vehicle,153.070226,-27.56154,Griffith Arterial Rd,<Null>,Macgregor,Brisbane City,4109,Upper Mount Gravatt,South Brisbane,Brisbane,SEQ South,Metropolitan,Macgregor (qld),Mt Gravatt,Brisbane - South,Major Cities,Toohey,Moreton,State-controlled,Median Opening,No traffic control,60 km/h,Sealed - Dry,Clear,Daylight,Straight,Grade,207,Veh'S Opposite Approach: U-Turn,U-turn,0,1,0,0,1,1,1,0,0,0,0,0,0.001203,0
245,Polygon,1,245,2,High St,249138,Hospitalisation,2008,February,Thursday,11,Angle,Multi-Vehicle,150.521392,-23.357818,High St,<Null>,Berserker,Rockhampton Region,4701,North Rockhampton,Capricornia,Central,Central,Central Queensland,Berserker,Rockhampton,Central Queensland,Inner Regional,Rockhampton,Capricornia,Locally-controlled,Median Opening,Operating traffic lights,60 km/h,Sealed - Dry,Clear,Daylight,Straight,Grade,202,Veh'S Opposite Approach: Thru-Right,Opposing vehicles turning,0,1,0,0,1,2,0,0,0,0,0,0,0.001181,0
246,Polygon,1,246,2,Inala Ave,26104,Hospitalisation,2008,November,Saturday,4,Angle,Multi-Vehicle,152.991809,-27.593539,Inala Ave,<Null>,Durack,Brisbane City,4077,Inala,South Brisbane,Brisbane,SEQ South,Metropolitan,Durack,Forest Lake - Oxley,Ipswich,Major Cities,Inala,Oxley,Locally-controlled,Median Opening,No traffic control,80 - 90 km/h,Sealed - Dry,Clear,Darkness - Lighted,Curved - view open,Crest,207,Veh'S Opposite Approach: U-Turn,U-turn,0,1,1,0,2,1,1,0,0,0,0,0,0.001203,0
247,Polygon,1,247,2,Johnson Rd,25948,Hospitalisation,2008,February,Friday,16,Angle,Multi-Vehicle,152.972907,-27.638668,Johnson Rd,<Null>,Heathwood,Brisbane City,4110,Inala,South Brisbane,Brisbane,SEQ South,Metropolitan,Pallara - Willawong,Rocklea - Acacia Ridge,Brisbane - South,Major Cities,Jordan,Oxley,Locally-controlled,Merge Lane,No traffic control,70 km/h,Sealed - Dry,Clear,Daylight,Straight,Level,308,Veh'S Same Direction: Right Turn S/Swipe,Parallel lanes turning,0,1,0,0,1,2,0,0,0,0,0,0,0.001203,0
248,Polygon,1,248,2,K-Tree Rd,302833,Hospitalisation,2008,October,Sunday,15,Head-on,Multi-Vehicle,145.74837,-17.621634,K-Tree Rd,<Null>,Mamu,Cassowary Coast Region,4871,South Johnstone,Far North,Northern,Northern,North Queensland,Johnstone,Innisfail - Cassowary Coast,Cairns,Outer Regional,Hill,Kennedy,Locally-controlled,Forestry/National Park Road,No traffic control,80 - 90 km/h,Unsealed - Dry,Clear,Daylight,Curved - view obscured,Grade,201,Veh'S Opposite Approach: Head On,Head-on,0,1,0,4,5,2,0,0,0,0,0,0,0.001158,0
249,Polygon,2,249,2,Logan Sub-Arterial Rd,47578,Hospitalisation,2008,February,Wednesday,11,Angle,Multi-Vehicle,153.085246,-27.56266,Logan Sub-Arterial Rd,<Null>,Upper Mount Gravatt,Brisbane City,4122,Upper Mount Gravatt,South Brisbane,Brisbane,SEQ South,Metropolitan,Upper Mount Gravatt,Mt Gravatt,Brisbane - South,Major Cities,Mansfield,Bonner,State-controlled,Median Opening,Operating traffic lights,60 km/h,Sealed - Dry,Clear,Daylight,Straight,Level,202,Veh'S Opposite Approach: Thru-Right,Opposing vehicles turning,0,1,0,0,1,2,0,0,0,0,0,0,0.002405,0
250,Polygon,2,250,2,Mains Rd,47440,Hospitalisation,2008,September,Friday,18,Angle,Multi-Vehicle,153.064295,-27.569935,Mains Rd,<Null>,Sunnybank,Brisbane City,4109,Upper Mount Gravatt,South Brisbane,Brisbane,SEQ South,Metropolitan,Robertson,Nathan,Brisbane - South,Major Cities,Toohey,Moreton,Locally-controlled,Median Opening,No traffic control,60 km/h,Sealed - Dry,Clear,Daylight,Straight,Level,202,Veh'S Opposite Approach: Thru-Right,Opposing vehicles turning,0,1,0,0,1,2,0,0,0,0,0,0,0.001203,0
251,Polygon,2,251,2,Maroochydore - Mooloolaba Rd,155551,Hospitalisation,2008,April,Tuesday,11,Angle,Multi-Vehicle,153.090069,-26.653253,Maroochydore - Mooloolaba Rd,Maroochydore - Mooloolaba Rd,Maroochydore,Sunshine Coast Region,4558,Maroochydore,Sunshine Coast,Central,SEQ North,North Coast and Wide Bay/Burnett,Maroochydore - Kuluin,Maroochy,Sunshine Coast,Major Cities,Maroochydore,Fairfax,State-controlled,Merge Lane,No traffic control,0 - 50 km/h,Sealed - Dry,Clear,Daylight,Straight,Level,400,Veh'S Manoeuvring: Other,Other,0,1,0,0,1,1,0,0,0,1,0,0,0.001198,0
252,Polygon,1,252,2,Mortensen Rd,162516,Hospitalisation,2008,April,Tuesday,13,Angle,Multi-Vehicle,153.340927,-28.006411,Mortensen Rd,<Null>,Nerang,Gold Coast City,4211,Nerang,Gold Coast,South Eastern,SEQ South,South Coast,Highland Park,Nerang,Gold Coast,Major Cities,Gaven,Moncrieff,Locally-controlled,Median Opening,No traffic control,60 km/h,Sealed - Dry,Clear,Daylight,Straight,Level,202,Veh'S Opposite Approach: Thru-Right,Opposing vehicles turning,0,1,0,1,2,1,1,0,0,0,0,0,0.001205,0
253,Polygon,1,253,2,Mt Stuart Rd,278358,Hospitalisation,2008,September,Tuesday,15,Collision - miscellaneous,Other,146.78806,-19.349384,Mt Stuart Rd,<Null>,Murray,Townsville City,4813,Stuart,Townsville,Northern,Northern,North Queensland,Annandale,Townsville,Townsville,Outer Regional,Mundingburra,Herbert,Locally-controlled,Forestry/National Park Road,No traffic control,0 - 50 km/h,Sealed - Dry,Clear,Daylight,Curved - view open,Grade,600,Veh'S On Path: Other,Other,0,1,0,0,1,0,1,0,0,0,0,0,0.001164,0
254,Polygon,1,254,2,Nerang - Broadbeach Rd,136672,Hospitalisation,2008,July,Saturday,17,Rear-end,Multi-Vehicle,153.409765,-28.035502,Nerang - Broadbeach Rd,<Null>,Broadbeach Waters,Gold Coast City,4218,Broadbeach,Gold Coast,South Eastern,SEQ South,South Coast,Mermaid Waters,Broadbeach - Burleigh,Gold Coast,Major Cities,Surfers Paradise,Moncrieff,State-controlled,Merge Lane,No traffic control,70 km/h,Sealed - Dry,Clear,Darkness - Lighted,Straight,Level,301,Veh'S Same Direction: Rear End,Rear-end,0,2,0,0,2,4,0,0,0,0,0,0,0.001206,0
255,Polygon,1,255,2,Pacific Ave,136548,Hospitalisation,2008,March,Friday,19,Hit object,Single Vehicle,153.430377,-28.061224,Pacific Ave,<Null>,Miami,Gold Coast City,4220,Broadbeach,Gold Coast,South Eastern,SEQ South,South Coast,Miami,Broadbeach - Burleigh,Gold Coast,Major Cities,Mermaid Beach,Moncrieff,Locally-controlled,Median Opening,No traffic control,60 km/h,Sealed - Dry,Clear,Darkness - Lighted,Straight,Level,708,Off Path-Straight: Mounts Traffic Island,Off carriageway on straight hit object,0,1,0,0,1,0,1,0,0,0,0,0,0.001206,0
256,Polygon,1,256,2,Point Cartwright Dr,185552,Hospitalisation,2008,April,Tuesday,17,Hit object,Single Vehicle,153.131053,-26.7003,Point Cartwright Dr,<Null>,Buddina,Sunshine Coast Region,4575,Kawana Waters,Sunshine Coast,Central,SEQ North,North Coast and Wide Bay/Burnett,Buddina - Minyama,Caloundra,Sunshine Coast,Major Cities,Kawana,Fisher,Locally-controlled,Median Opening,No traffic control,0 - 50 km/h,Sealed - Dry,Clear,Dawn/Dusk,Curved - view open,Level,808,Off Path-Curve: Mounts Traffic Island,Off carriageway on curve hit object,0,1,0,0,1,2,0,0,0,0,0,0,0.001198,0
257,Polygon,3,257,2,Redcliffe Rd,82758,Fatal,2008,July,Thursday,19,Hit object,Single Vehicle,153.035301,-27.226372,Redcliffe Rd,<Null>,Mango Hill,Moreton Bay Region,4509,Mango Hill North Lakes,North Brisbane,Brisbane,SEQ North,North Coast and Wide Bay/Burnett,North Lakes - Mango Hill,North Lakes,Moreton Bay - South,Major Cities,Bancroft,Petrie,State-controlled,Median Opening,No traffic control,80 - 90 km/h,Sealed - Dry,Clear,Darkness - Not lighted,Straight,Level,708,Off Path-Straight: Mounts Traffic Island,Off carriageway on straight hit object,1,0,0,0,1,1,0,0,0,0,0,0,0.002402,0
258,Polygon,2,258,2,Rickertt Rd,103509,Hospitalisation,2008,June,Thursday,16,Angle,Multi-Vehicle,153.194651,-27.488706,Rickertt Rd,<Null>,Thorneside,Redland City,4158,Capalaba,South Brisbane,Brisbane,SEQ South,Metropolitan,Thorneside,Capalaba,Brisbane - East,Major Cities,Capalaba,Bowman,Locally-controlled,Median Opening,No traffic control,60 km/h,Sealed - Dry,Clear,Daylight,Straight,Level,202,Veh'S Opposite Approach: Thru-Right,Opposing vehicles turning,0,1,0,0,1,2,0,0,0,0,0,0,0.001429,0
259,Polygon,1,259,2,Rockhampton - Yeppoon Rd,249221,Hospitalisation,2008,June,Saturday,10,Hit pedestrian,Hit pedestrian,150.523827,-23.354749,Rockhampton - Yeppoon Rd,<Null>,Park Avenue,Rockhampton Region,4701,North Rockhampton,Capricornia,Central,Central,Central Queensland,Park Avenue,Rockhampton,Central Queensland,Inner Regional,Rockhampton,Capricornia,State-controlled,Median Opening,Pedestrian crossing sign,0 - 50 km/h,Sealed - Dry,Clear,Daylight,Straight,Grade,7,Ped'N: Hit By Vehicle Enter/Leave D'Way,Pedestrian,0,1,0,0,1,1,0,0,0,0,1,0,0.001181,0
260,Polygon,2,260,2,Ross River Rd,273420,Hospitalisation,2008,August,Friday,17,Rear-end,Multi-Vehicle,146.735746,-19.314892,Ross River Rd,<Null>,Kirwan,Townsville City,4817,Kirwan,Townsville,Northern,Northern,North Queensland,Kirwan - East,Townsville,Townsville,Outer Regional,Thuringowa,Herbert,State-controlled,Median Opening,Operating traffic lights,60 km/h,Sealed - Dry,Clear,Daylight,Straight,Level,301,Veh'S Same Direction: Rear End,Rear-end,0,1,0,0,1,1,1,0,0,0,0,0,0.002328,0
261,Polygon,1,261,2,Tamarind St,99012,Hospitalisation,2008,July,Friday,18,Angle,Multi-Vehicle,153.11498,-27.679883,Tamarind St,<Null>,Marsden,Logan City,4132,Crestmead,Logan,South Eastern,SEQ South,South Coast,Marsden,Browns Plains,Logan - Beaudesert,Major Cities,Woodridge,Rankin,Locally-controlled,Median Opening,No traffic control,60 km/h,Sealed - Dry,Clear,Darkness - Lighted,Curved - view open,Level,202,Veh'S Opposite Approach: Thru-Right,Opposing vehicles turning,0,1,0,1,2,1,0,0,0,0,0,1,0.001203,0
262,Polygon,1,262,2,Tinbeerwah Rd,167383,Hospitalisation,2008,December,Monday,16,Hit object,Single Vehicle,152.982591,-26.393903,Tinbeerwah Rd,<Null>,Tinbeerwah,Noosa Shire,4563,Noosa Heads,Sunshine Coast,Central,SEQ North,North Coast and Wide Bay/Burnett,Noosa Hinterland,Noosa Hinterland,Sunshine Coast,Inner Regional,Noosa,Wide Bay,Locally-controlled,Forestry/National Park Road,No traffic control,0 - 50 km/h,Sealed - Dry,Clear,Daylight,Curved - view open,Grade,800,Off Path-Curve: Other,Other,0,1,0,0,1,1,0,0,0,0,0,0,0.001196,0
263,Polygon,1,263,2,Unnamed Rd,317970,Hospitalisation,2008,June,Sunday,12,Hit object,Single Vehicle,153.117817,-25.389289,Unnamed Rd,<Null>,Fraser Island,Fraser Coast Region,4581,Fraser Island,Wide Bay Burnett,Central,Southern,North Coast and Wide Bay/Burnett,Burrum - Fraser,Maryborough,Wide Bay,Remote,Hervey Bay,Wide Bay,Locally-controlled,Forestry/National Park Road,No traffic control,100 - 110 km/h,Unsealed - Dry,Clear,Daylight,Straight,Grade,607,Veh'S On Path: Temporary Object On C'Way,Other,0,1,0,0,1,0,1,0,0,0,0,0,0.001191,0
264,Polygon,1,264,2,Upper Kedron Rd,125957,Hospitalisation,2008,July,Monday,17,Angle,Multi-Vehicle,152.938832,-27.412064,Upper Kedron Rd,<Null>,Ferny Grove,Brisbane City,4055,Ferny Grove,North Brisbane,Brisbane,SEQ North,Metropolitan,Upper Kedron - Ferny Grove,The Gap - Enoggera,Brisbane - West,Major Cities,Ferny Grove,Ryan,Locally-controlled,Median Opening,No traffic control,60 km/h,Sealed - Dry,Clear,Dawn/Dusk,Straight,Grade,202,Veh'S Opposite Approach: Thru-Right,Opposing vehicles turning,0,1,0,0,1,2,0,0,0,0,0,0,0.001202,0
265,Polygon,4,265,2,Victoria Point Rd,78826,Hospitalisation,2008,November,Saturday,16,Angle,Multi-Vehicle,153.284081,-27.584501,Victoria Point Rd,<Null>,Victoria Point,Redland City,4165,Cleveland,South Brisbane,Brisbane,SEQ South,Metropolitan,Victoria Point,Cleveland - Stradbroke,Brisbane - East,Major Cities,Redlands,Bowman,State-controlled,Median Opening,Operating traffic lights,70 km/h,Sealed - Dry,Clear,Daylight,Straight,Level,202,Veh'S Opposite Approach: Thru-Right,Opposing vehicles turning,0,1,0,0,1,2,0,0,0,0,0,0,0.001203,0
266,Polygon,1,266,2,Waterpark Rd,254731,Hospitalisation,2008,January,Sunday,16,Overturned,Single Vehicle,150.665699,-22.837373,Waterpark Rd,<Null>,Byfield,Livingstone Shire,4703,Yeppoon,Capricornia,Central,Central,Central Queensland,Rockhampton Region - North,Rockhampton,Central Queensland,Outer Regional,Keppel,Capricornia,Locally-controlled,Forestry/National Park Road,No traffic control,60 km/h,Unsealed - Dry,Clear,Daylight,Curved - view obscured,Level,805,Off Path-Curve: Out Of Control On Cway,Out of control on curve,0,2,3,0,5,1,0,0,0,0,0,0,0.001178,0
267,Polygon,2,267,2,Western Arterial Rd,125979,Hospitalisation,2008,August,Friday,15,Angle,Multi-Vehicle,152.991411,-27.410281,Western Arterial Rd,<Null>,Everton Park,Brisbane City,4053,Ferny Grove,North Brisbane,Brisbane,SEQ North,Metropolitan,Everton Park,Bald Hills - Everton Park,Brisbane - North,Major Cities,Everton,Brisbane,State-controlled,Median Opening,Operating traffic lights,60 km/h,Sealed - Dry,Clear,Daylight,Straight,Grade,202,Veh'S Opposite Approach: Thru-Right,Opposing vehicles turning,0,1,1,0,2,2,0,0,0,0,0,0,0.001202,0
268,Polygon,2,268,2,Wynnum Rd,58195,Hospitalisation,2008,October,Thursday,9,Rear-end,Multi-Vehicle,153.153313,-27.456996,Wynnum Rd,<Null>,Wynnum West,Brisbane City,4178,Wynnum,South Brisbane,Brisbane,SEQ South,Metropolitan,Wynnum West - Hemmant,Wynnum - Manly,Brisbane - East,Major Cities,Lytton,Bonner,Locally-controlled,Median Opening,Operating traffic lights,60 km/h,Sealed - Dry,Clear,Daylight,Straight,Level,301,Veh'S Same Direction: Rear End,Rear-end,0,1,0,0,1,2,0,0,0,0,0,0,0.001202,0
269,Polygon,1,269,2,Albany Creek Sub-Arterial Rd,63348,Hospitalisation,2009,July,Friday,16,Angle,Multi-Vehicle,153.012049,-27.363131,Albany Creek Sub-Arterial Rd,<Null>,Aspley,Brisbane City,4034,Carseldine,North Brisbane,Brisbane,SEQ North,Metropolitan,Aspley,Chermside,Brisbane - North,Major Cities,Aspley,Petrie,State-controlled,Median Opening,No traffic control,60 km/h,Sealed - Dry,Clear,Daylight,Straight,Level,406,Veh'S Manoeuvring: Leaving Driveway,Vehicle leaving driveway,0,1,0,0,1,2,0,0,0,0,0,0,0.001202,0