OBJECTID,Shape,Join_Count,TARGET_FID,Crash_Year,Crash_Street,Crash_Ref_Number,Crash_Severity,Crash_Year,Crash_Month,Crash_Day_Of_Week,Crash_Hour,Crash_Nature,Crash_Type,Crash_Longitude_GDA94,Crash_Latitude_GDA94,Crash_Street,Crash_Street_Intersecting,Loc_Suburb,Loc_Local_Government_Area,Loc_Post_Code,Loc_Police_Division,Loc_Police_District,Loc_Police_Region,Loc_Queensland_Transport_Region,Loc_Main_Roads_Region,Loc_ABS_Statistical_Area_2,Loc_ABS_Statistical_Area_3,Loc_ABS_Statistical_Area_4,Loc_ABS_Remoteness,Loc_State_Electorate,Loc_Federal_Electorate,Crash_Controlling_Authority,Crash_Roadway_Feature,Crash_Traffic_Control,Crash_Speed_Limit,Crash_Road_Surface_Condition,Crash_Atmospheric_Condition,Crash_Lighting_Condition,Crash_Road_Horiz_Align,Crash_Road_Vert_Align,Crash_DCA_Code,Crash_DCA_Description,Crash_DCA_Group_Description,Count_Casualty_Fatality,Count_Casualty_Hospitalised,Count_Casualty_MedicallyTreated,Count_Casualty_MinorInjury,Count_Casualty_Total,Count_Unit_Car,Count_Unit_Motorcycle_Moped,Count_Unit_Truck,Count_Unit_Bus,Count_Unit_Bicycle,Count_Unit_Pedestrian,Count_Unit_Other,Shape_Length,Shape_Area
270,Polygon,1,270,2,Arthur St,254812,Hospitalisation,2009,January,Sunday,13,Angle,Multi-Vehicle,150.742789,-23.129093,Arthur St,<Null>,Yeppoon,Livingstone Shire,4703,Yeppoon,Capricornia,Central,Central,Central Queensland,Yeppoon,Rockhampton,Central Queensland,Inner Regional,Keppel,Capricornia,Locally-controlled,Median Opening,No traffic control,0 - 50 km/h,Sealed - Dry,Clear,Daylight,Straight,Level,406,Veh'S Manoeuvring: Leaving Driveway,Vehicle leaving driveway,0,1,0,0,1,1,0,0,0,0,0,1,0.00118,0
271,Polygon,1,271,2,Brisbane - Beenleigh Rd,94984,Hospitalisation,2009,August,Saturday,18,Rear-end,Multi-Vehicle,153.118577,-27.644122,Brisbane - Beenleigh Rd,<Null>,Slacks Creek,Logan City,4127,Logan Central,Logan,South Eastern,SEQ South,South Coast,Slacks Creek,Springwood - Kingston,Logan - Beaudesert,Major Cities,Waterford,Rankin,State-controlled,Median Opening,Operating traffic lights,60 km/h,Sealed - Dry,Clear,Darkness - Lighted,Straight,Level,301,Veh'S Same Direction: Rear End,Rear-end,0,2,0,0,2,3,0,0,0,0,0,0,0.001203,0
272,Polygon,1,272,2,Bundaberg - Gin Gin Rd,203009,Hospitalisation,2009,February,Wednesday,15,Fall from vehicle,Single Vehicle,152.345176,-24.855338,Bundaberg - Gin Gin Rd,<Null>,Bundaberg North,Bundaberg Region,4670,Bundaberg,Wide Bay Burnett,Central,Southern,North Coast and Wide Bay/Burnett,Bundaberg North - Gooburrum,Bundaberg,Wide Bay,Inner Regional,Bundaberg,Hinkler,State-controlled,Median Opening,No traffic control,60 km/h,Sealed - Dry,Clear,Daylight,Straight,Level,705,Off Path-Straight:Out Of Control On Cway,Out of control on straight,0,1,0,0,1,0,1,0,0,0,0,0,0.001188,0
273,Polygon,1,273,2,Burpengary - Caboolture Rd,75817,Hospitalisation,2009,October,Thursday,17,Angle,Multi-Vehicle,152.969891,-27.139073,Burpengary - Caboolture Rd,<Null>,Burpengary,Moreton Bay Region,4505,Burpengary,Moreton,Southern,SEQ North,North Coast and Wide Bay/Burnett,Burpengary,Narangba - Burpengary,Moreton Bay - North,Major Cities,Kurwongbah,Longman,State-controlled,Merge Lane,No traffic control,60 km/h,Sealed - Dry,Clear,Daylight,Straight,Level,306,Veh'S Same Direction: Lane Change Right,Lane changes,0,1,0,1,2,4,0,0,0,0,0,0,0.0012,0
274,Polygon,2,274,2,Caboolture - Bribie Island Rd,75454,Hospitalisation,2009,February,Friday,13,Hit parked vehicle,Single Vehicle,152.981226,-27.086074,Caboolture - Bribie Island Rd,<Null>,Caboolture,Moreton Bay Region,4510,Caboolture,Moreton,Southern,SEQ North,North Coast and Wide Bay/Burnett,Caboolture,Caboolture,Moreton Bay - North,Major Cities,Pumicestone,Longman,State-controlled,Merge Lane,No traffic control,60 km/h,Sealed - Wet,Raining,Daylight,Straight,Level,703,Off Path-Straight: Left Off Cway Hit Obj,Off carriageway on straight hit object,0,2,1,0,3,2,0,0,0,0,0,0,0.0024,0
275,Polygon,1,275,2,Caboolture Connection Rd,75452,Hospitalisation,2009,February,Friday,9,Angle,Multi-Vehicle,152.952999,-27.084799,Caboolture Connection Rd,<Null>,Caboolture,Moreton Bay Region,4510,Caboolture,Moreton,Southern,SEQ North,North Coast and Wide Bay/Burnett,Caboolture,Caboolture,Moreton Bay - North,Major Cities,Morayfield,Longman,State-controlled,Median Opening,No traffic control,60 km/h,Sealed - Wet,Raining,Daylight,Straight,Level,406,Veh'S Manoeuvring: Leaving Driveway,Vehicle leaving driveway,0,1,0,0,1,2,0,0,0,0,0,0,0.0012,0
276,Polygon,3,276,2,Caloundra Rd,140408,Hospitalisation,2009,July,Tuesday,17,Angle,Multi-Vehicle,153.121735,-26.804107,Caloundra Rd,<Null>,Caloundra,Sunshine Coast Region,4551,Caloundra,Sunshine Coast,Central,SEQ North,North Coast and Wide Bay/Burnett,Caloundra - Kings Beach,Caloundra,Sunshine Coast,Major Cities,Caloundra,Fisher,State-controlled,Median Opening,Operating traffic lights,60 km/h,Sealed - Dry,Clear,Daylight,Curved - view open,Grade,202,Veh'S Opposite Approach: Thru-Right,Opposing vehicles turning,0,1,0,0,1,2,0,0,0,0,0,0,0.001198,0
277,Polygon,1,277,2,Central Ave,211962,Hospitalisation,2009,December,Wednesday,10,Angle,Multi-Vehicle,152.834125,-25.289222,Central Ave,<Null>,Urraween,Fraser Coast Region,4655,Hervey Bay,Wide Bay Burnett,Central,Southern,North Coast and Wide Bay/Burnett,Pialba - Eli Waters,Hervey Bay,Wide Bay,Inner Regional,Hervey Bay,Hinkler,Locally-controlled,Median Opening,Give way sign,60 km/h,Sealed - Dry,Clear,Daylight,Straight,Grade,406,Veh'S Manoeuvring: Leaving Driveway,Vehicle leaving driveway,0,1,0,0,1,2,0,0,0,0,0,0,0.00119,0
278,Polygon,2,278,2,Colburn Av,79409,Hospitalisation,2009,August,Saturday,11,Angle,Multi-Vehicle,153.283775,-27.584566,Colburn Av,<Null>,Victoria Point,Redland City,4165,Cleveland,South Brisbane,Brisbane,SEQ South,Metropolitan,Victoria Point,Cleveland - Stradbroke,Brisbane - East,Major Cities,Redlands,Bowman,State-controlled,Median Opening,Operating traffic lights,60 km/h,Sealed - Dry,Clear,Daylight,Straight,Level,202,Veh'S Opposite Approach: Thru-Right,Opposing vehicles turning,0,1,4,0,5,2,0,0,0,0,0,0,0.001203,0
279,Polygon,2,279,2,Creek Rd,23054,Hospitalisation,2009,April,Monday,15,Angle,Multi-Vehicle,153.081379,-27.538658,Creek Rd,<Null>,Mount Gravatt East,Brisbane City,4122,Holland Park,South Brisbane,Brisbane,SEQ South,Metropolitan,Mount Gravatt,Mt Gravatt,Brisbane - South,Major Cities,Mansfield,Bonner,Locally-controlled,Median Opening,Operating traffic lights,60 km/h,Sealed - Dry,Clear,Daylight,Straight,Dip,202,Veh'S Opposite Approach: Thru-Right,Opposing vehicles turning,0,1,0,0,1,2,0,0,0,0,0,0,0.001203,0
280,Polygon,1,280,2,Cullen Ave E,119929,Hospitalisation,2009,May,Friday,11,Sideswipe,Multi-Vehicle,153.088526,-27.434313,Cullen Ave E,<Null>,Eagle Farm,Brisbane City,4009,Hendra,North Brisbane,Brisbane,SEQ North,Metropolitan,Eagle Farm - Pinkenba,Nundah,Brisbane - North,Major Cities,Clayfield,Lilley,State-controlled,Median Opening,No traffic control,60 km/h,Sealed - Dry,Clear,Daylight,Straight,Level,308,Veh'S Same Direction: Right Turn S/Swipe,Parallel lanes turning,0,1,0,0,1,2,0,0,0,0,0,0,0.001202,0
281,Polygon,1,281,2,Ferny Ave,176584,Hospitalisation,2009,April,Thursday,3,Angle,Multi-Vehicle,153.427375,-27.997282,Ferny Ave,<Null>,Surfers Paradise,Gold Coast City,4217,Surfers Paradise,Gold Coast,South Eastern,SEQ South,South Coast,Surfers Paradise,Surfers Paradise,Gold Coast,Major Cities,Surfers Paradise,Moncrieff,Locally-controlled,Median Opening,No traffic control,60 km/h,Sealed - Dry,Clear,Darkness - Lighted,Straight,Level,308,Veh'S Same Direction: Right Turn S/Swipe,Parallel lanes turning,0,1,0,0,1,1,1,0,0,0,0,0,0.001205,0
282,Polygon,1,282,2,Foster Rd,293960,Hospitalisation,2009,April,Thursday,10,Hit object,Single Vehicle,145.742055,-16.986207,Foster Rd,<Null>,Mount Sheridan,Cairns Region,4868,Edmonton,Far North,Northern,Northern,North Queensland,Mount Sheridan,Cairns - South,Cairns,Outer Regional,Mulgrave,Leichhardt,State-controlled,Merge Lane,No traffic control,80 - 90 km/h,Sealed - Wet,Clear,Daylight,Straight,Level,705,Off Path-Straight:Out Of Control On Cway,Out of control on straight,0,1,0,0,1,1,0,0,0,0,0,0,0.001156,0
283,Polygon,1,283,2,Glenfields Blvd,156121,Hospitalisation,2009,August,Tuesday,14,Angle,Multi-Vehicle,153.100438,-26.698659,Glenfields Blvd,<Null>,Mountain Creek,Sunshine Coast Region,4557,Maroochydore,Sunshine Coast,Central,SEQ North,North Coast and Wide Bay/Burnett,Mountain Creek,Buderim,Sunshine Coast,Major Cities,Buderim,Fairfax,Locally-controlled,Median Opening,No traffic control,0 - 50 km/h,Sealed - Dry,Clear,Daylight,Straight,Level,408,Veh'S Manoeuvring: Entering From Footway,Vehicle leaving driveway,0,1,0,0,1,1,0,0,0,1,0,0,0.001198,0
284,Polygon,1,284,2,Imperial Pde,171976,Hospitalisation,2009,May,Thursday,13,Angle,Multi-Vehicle,153.409744,-27.944477,Imperial Pde,<Null>,Labrador,Gold Coast City,4215,Southport,Gold Coast,South Eastern,SEQ South,South Coast,Labrador,Gold Coast - North,Gold Coast,Major Cities,Bonney,Fadden,Locally-controlled,Median Opening,No traffic control,60 km/h,Sealed - Dry,Clear,Daylight,Straight,Level,406,Veh'S Manoeuvring: Leaving Driveway,Vehicle leaving driveway,0,1,0,0,1,2,0,0,0,0,0,0,0.001205,0
285,Polygon,1,285,2,James St,70470,Hospitalisation,2009,December,Friday,12,Hit object,Single Vehicle,153.200038,-27.717709,James St,<Null>,Beenleigh,Logan City,4207,Beenleigh,Logan,South Eastern,SEQ South,South Coast,Beenleigh,Beenleigh,Logan - Beaudesert,Major Cities,Macalister,Forde,Locally-controlled,Median Opening,Operating traffic lights,60 km/h,Sealed - Dry,Clear,Daylight,Straight,Level,705,Off Path-Straight:Out Of Control On Cway,Out of control on straight,0,1,0,0,1,1,0,0,0,0,0,0,0.001204,0
286,Polygon,3,286,2,Karawatha Dr,155998,Hospitalisation,2009,April,Saturday,9,Angle,Multi-Vehicle,153.090983,-26.693897,Karawatha Dr,<Null>,Buderim,Sunshine Coast Region,4556,Maroochydore,Sunshine Coast,Central,SEQ North,North Coast and Wide Bay/Burnett,Buderim - South,Buderim,Sunshine Coast,Major Cities,Buderim,Fairfax,Locally-controlled,Median Opening,Give way sign,60 km/h,Sealed - Dry,Clear,Daylight,Straight,Level,406,Veh'S Manoeuvring: Leaving Driveway,Vehicle leaving driveway,0,1,0,0,1,1,0,0,0,1,0,0,0.002396,0
287,Polygon,1,287,2,Kilcoy-Murgon Rd,149730,Hospitalisation,2009,November,Sunday,7,Overturned,Single Vehicle,152.358796,-26.538823,Kilcoy-Murgon Rd,<Null>,Kingaham,Somerset Region,4515,Kilcoy,Moreton,Southern,SEQ North,North Coast and Wide Bay/Burnett,Kilcoy,Caboolture Hinterland,Moreton Bay - North,Outer Regional,Nanango,Blair,State-controlled,Forestry/National Park Road,No traffic control,80 - 90 km/h,Unsealed - Dry,Clear,Daylight,Curved - view obscured,Level,802,Off Path-Curve: Off Cway Left Bend,Off carriageway on curve,0,1,0,0,1,1,0,0,0,0,0,0,0.001197,0
288,Polygon,1,288,2,Lutwyche Rd,120247,Hospitalisation,2009,November,Wednesday,7,Angle,Multi-Vehicle,153.032424,-27.426008,Lutwyche Rd,<Null>,Windsor,Brisbane City,4030,Stafford,North Brisbane,Brisbane,SEQ North,Metropolitan,Windsor,Brisbane Inner - North,Brisbane Inner City,Major Cities,Clayfield,Brisbane,Locally-controlled,Median Opening,No traffic control,60 km/h,Sealed - Wet,Raining,Daylight,Straight,Level,308,Veh'S Same Direction: Right Turn S/Swipe,Parallel lanes turning,0,1,0,0,1,2,0,0,0,0,0,0,0.001202,0
289,Polygon,1,289,2,Maroochydore Rd,156229,Hospitalisation,2009,November,Sunday,13,Angle,Multi-Vehicle,153.07889,-26.652513,Maroochydore Rd,<Null>,Maroochydore,Sunshine Coast Region,4558,Maroochydore,Sunshine Coast,Central,SEQ North,North Coast and Wide Bay/Burnett,Maroochydore - Kuluin,Maroochy,Sunshine Coast,Major Cities,Maroochydore,Fairfax,State-controlled,Median Opening,Operating traffic lights,60 km/h,Sealed - Dry,Clear,Daylight,Curved - view open,Level,406,Veh'S Manoeuvring: Leaving Driveway,Vehicle leaving driveway,0,1,1,0,2,2,0,0,0,0,0,0,0.001198,0
290,Polygon,1,290,2,North St,252335,Hospitalisation,2009,November,Wednesday,17,Angle,Multi-Vehicle,150.499046,-23.374657,North St,<Null>,The Range,Rockhampton Region,4700,Rockhampton,Capricornia,Central,Central,Central Queensland,The Range - Allenstown,Rockhampton,Central Queensland,Inner Regional,Rockhampton,Capricornia,Locally-controlled,Median Opening,No traffic control,60 km/h,Sealed - Dry,Clear,Daylight,Straight,Level,408,Veh'S Manoeuvring: Entering From Footway,Vehicle leaving driveway,0,1,0,0,1,1,0,0,0,1,0,0,0.001181,0
291,Polygon,1,291,2,Palm Beach Ave,194125,Hospitalisation,2009,September,Friday,10,Angle,Multi-Vehicle,153.47195,-28.121226,Palm Beach Ave,<Null>,Palm Beach,Gold Coast City,4221,Palm Beach,Gold Coast,South Eastern,SEQ South,South Coast,Palm Beach,Coolangatta,Gold Coast,Major Cities,Burleigh,Mcpherson,Locally-controlled,Median Opening,No traffic control,60 km/h,Sealed - Dry,Clear,Daylight,Straight,Level,100,Veh'S Adjacent Approach: Other,Intersection from adjacent approaches,0,1,0,0,1,1,0,0,0,1,0,0,0.001206,0
292,Polygon,1,292,2,Paluma Dam Rd,283681,Hospitalisation,2009,August,Saturday,13,Angle,Multi-Vehicle,146.159078,-18.968323,Paluma Dam Rd,<Null>,Crystal Creek,Townsville City,4816,Rollingstone,Townsville,Northern,Northern,North Queensland,Northern Beaches,Townsville,Townsville,Outer Regional,Hinchinbrook,Kennedy,Locally-controlled,Forestry/National Park Road,No traffic control,0 - 50 km/h,Unsealed - Dry,Clear,Daylight,Curved - view obscured,Grade,201,Veh'S Opposite Approach: Head On,Head-on,0,1,0,0,1,1,1,0,0,0,0,0,0.001163,0
293,Polygon,1,293,2,Parklands Dr,172242,Hospitalisation,2009,December,Monday,15,Angle,Multi-Vehicle,153.385321,-27.963616,Parklands Dr,<Null>,Southport,Gold Coast City,4215,Southport,Gold Coast,South Eastern,SEQ South,South Coast,Southport - North,Southport,Gold Coast,Major Cities,Bonney,Moncrieff,Locally-controlled,Median Opening,No traffic control,0 - 50 km/h,Sealed - Dry,Clear,Daylight,Curved - view open,Crest,408,Veh'S Manoeuvring: Entering From Footway,Vehicle leaving driveway,0,1,0,0,1,1,1,0,0,0,0,0,0.001205,0
294,Polygon,1,294,2,Peel St,262905,Hospitalisation,2009,March,Tuesday,14,Rear-end,Multi-Vehicle,149.179556,-21.141268,Peel St,<Null>,Mackay,Mackay Region,4740,Mackay,Mackay,Central,Central,Central Queensland,Mackay,Mackay,Mackay - Isaac - Whitsunday,Inner Regional,Mackay,Dawson,Locally-controlled,Median Opening,No traffic control,60 km/h,Sealed - Dry,Clear,Daylight,Straight,Level,400,Veh'S Manoeuvring: Other,Other,0,1,0,0,1,2,0,0,0,0,0,1,0.001171,0
295,Polygon,1,295,2,Pitcairn Wy,163007,Hospitalisation,2009,September,Monday,8,Hit object,Single Vehicle,153.32433,-27.946657,Pitcairn Wy,<Null>,Pacific Pines,Gold Coast City,4211,Nerang,Gold Coast,South Eastern,SEQ South,South Coast,Pacific Pines - Gaven,Nerang,Gold Coast,Major Cities,Gaven,Fadden,Locally-controlled,Median Opening,No traffic control,60 km/h,Sealed - Dry,Clear,Daylight,Straight,Grade,703,Off Path-Straight: Left Off Cway Hit Obj,Off carriageway on straight hit object,0,3,0,0,3,1,0,0,0,0,0,0,0.001205,0
296,Polygon,1,296,2,Sir Samuel Griffith Dr,30703,Hospitalisation,2009,April,Friday,20,Head-on,Multi-Vehicle,152.963437,-27.480691,Sir Samuel Griffith Dr,<Null>,Mount Coot-tha,Brisbane City,4066,Indooroopilly,North Brisbane,Brisbane,SEQ North,Metropolitan,Mount Coot-tha,The Gap - Enoggera,Brisbane - West,Major Cities,Maiwar,Ryan,Locally-controlled,Forestry/National Park Road,No traffic control,60 km/h,Sealed - Wet,Clear,Darkness - Not lighted,Curved - view obscured,Grade,201,Veh'S Opposite Approach: Head On,Head-on,0,1,1,0,2,1,1,0,0,0,0,0,0.001202,0
297,Polygon,1,297,2,Tarome Rd,186851,Hospitalisation,2009,February,Tuesday,9,Angle,Multi-Vehicle,152.54538,-27.980869,Tarome Rd,<Null>,Aratula,Scenic Rim Region,4309,Boonah,Ipswich,Southern,SEQ South,South Coast,Boonah,Ipswich Hinterland,Ipswich,Inner Regional,Scenic Rim,Wright,Locally-controlled,Median Opening,No traffic control,0 - 50 km/h,Sealed - Wet,Clear,Daylight,Straight,Grade,308,Veh'S Same Direction: Right Turn S/Swipe,Parallel lanes turning,0,2,0,0,2,2,0,0,0,0,0,0,0.001205,0
298,Polygon,1,298,2,Toohey Rd,33838,Hospitalisation,2009,April,Monday,20,Angle,Multi-Vehicle,153.039564,-27.542971,Toohey Rd,<Null>,Salisbury,Brisbane City,4107,Upper Mount Gravatt,South Brisbane,Brisbane,SEQ South,Metropolitan,Salisbury - Nathan,Nathan,Brisbane - South,Major Cities,Toohey,Moreton,Locally-controlled,Median Opening,No traffic control,60 km/h,Sealed - Dry,Clear,Darkness - Lighted,Straight,Grade,308,Veh'S Same Direction: Right Turn S/Swipe,Parallel lanes turning,0,1,0,0,1,1,1,0,0,0,0,0,0.001203,0
299,Polygon,2,299,2,Town Centre Dr,163070,Hospitalisation,2009,December,Tuesday,11,Angle,Multi-Vehicle,153.337995,-27.92482,Town Centre Dr,<Null>,Helensvale,Gold Coast City,4212,Coomera,Gold Coast,South Eastern,SEQ South,South Coast,Helensvale,Ormeau - Oxenford,Gold Coast,Major Cities,Bonney,Fadden,Locally-controlled,Median Opening,Operating traffic lights,60 km/h,Sealed - Dry,Clear,Daylight,Straight,Level,202,Veh'S Opposite Approach: Thru-Right,Opposing vehicles turning,0,2,0,1,3,2,0,0,0,0,0,0,0.001205,0
300,Polygon,1,300,2,Tsipura Dr,194019,Hospitalisation,2009,April,Sunday,10,Angle,Multi-Vehicle,153.440382,-28.110489,Tsipura Dr,<Null>,Burleigh Heads,Gold Coast City,4219,Robina,Gold Coast,South Eastern,SEQ South,South Coast,Burleigh Heads,Broadbeach - Burleigh,Gold Coast,Major Cities,Burleigh,Mcpherson,State-controlled,Median Opening,No traffic control,0 - 50 km/h,Sealed - Dry,Clear,Daylight,Curved - view open,Level,406,Veh'S Manoeuvring: Leaving Driveway,Vehicle leaving driveway,0,1,0,0,1,2,0,0,0,0,0,0,0.001206,0
301,Polygon,1,301,2,Unemployed Rd,191108,Hospitalisation,2009,December,Wednesday,19,Hit object,Single Vehicle,151.981675,-27.634259,Unemployed Rd,<Null>,Upper Flagstone,Lockyer Valley Region,4344,Helidon,Darling Downs,Southern,SEQ South,Downs South West,Lockyer Valley - West,Toowoomba,Toowoomba,Inner Regional,Lockyer,Wright,Locally-controlled,Forestry/National Park Road,No traffic control,60 km/h,Unsealed - Dry,Clear,Darkness - Not lighted,Straight,Level,705,Off Path-Straight:Out Of Control On Cway,Out of control on straight,0,1,0,1,2,1,0,0,0,0,0,0,0.001203,0
302,Polygon,1,302,2,Unnamed Forestry Rd,216406,Hospitalisation,2009,August,Sunday,13,Hit object,Single Vehicle,152.85364,-25.884309,Unnamed Forestry Rd,<Null>,Toolara Forest,Gympie Region,4570,Tiaro,Wide Bay Burnett,Central,Southern,North Coast and Wide Bay/Burnett,Cooloola,Gympie - Cooloola,Wide Bay,Inner Regional,Gympie,Wide Bay,State-controlled,Forestry/National Park Road,No traffic control,100 - 110 km/h,Unsealed - Dry,Clear,Daylight,Straight,Dip,605,Veh'S On Path: Permanent Obstruction,Hit permanent obstruction on carriageway,0,1,0,0,1,0,1,0,0,0,0,0,0.001193,0
303,Polygon,7,303,2,Victoria Point Rd,78826,Hospitalisation,2009,November,Saturday,16,Angle,Multi-Vehicle,153.284081,-27.584501,Victoria Point Rd,<Null>,Victoria Point,Redland City,4165,Cleveland,South Brisbane,Brisbane,SEQ South,Metropolitan,Victoria Point,Cleveland - Stradbroke,Brisbane - East,Major Cities,Redlands,Bowman,State-controlled,Median Opening,Operating traffic lights,70 km/h,Sealed - Dry,Clear,Daylight,Straight,Level,202,Veh'S Opposite Approach: Thru-Right,Opposing vehicles turning,0,1,0,0,1,2,0,0,0,0,0,0,0.003973,0
304,Polygon,1,304,2,Wathumba Rd,309379,Hospitalisation,2009,April,Sunday,11,Head-on,Multi-Vehicle,153.305582,-24.957478,Wathumba Rd,<Null>,Fraser Island,Fraser Coast Region,4581,Fraser Island,Wide Bay Burnett,Central,Southern,North Coast and Wide Bay/Burnett,Burrum - Fraser,Maryborough,Wide Bay,Remote,Hervey Bay,Wide Bay,Locally-controlled,Forestry/National Park Road,No traffic control,100 - 110 km/h,Unsealed - Dry,Clear,Daylight,Curved - view obscured,Level,201,Veh'S Opposite Approach: Head On,Head-on,0,1,1,0,2,0,2,0,0,0,0,0,0.001189,0
305,Polygon,3,305,2,Wynnum Rd,36285,Hospitalisation,2009,February,Friday,6,Angle,Multi-Vehicle,153.098316,-27.469909,Wynnum Rd,<Null>,Cannon Hill,Brisbane City,4170,Morningside,South Brisbane,Brisbane,SEQ South,Metropolitan,Murarrie,Wynnum - Manly,Brisbane - East,Major Cities,Bulimba,Bonner,Locally-controlled,Median Opening,Give way sign,60 km/h,Sealed - Dry,Clear,Daylight,Straight,Level,406,Veh'S Manoeuvring: Leaving Driveway,Vehicle leaving driveway,0,1,0,0,1,1,0,0,0,1,0,0,0.001202,0
306,Polygon,1,306,2,Young Rd,107110,Hospitalisation,2009,May,Saturday,12,Angle,Multi-Vehicle,152.937706,-27.173557,Young Rd,<Null>,Narangba,Moreton Bay Region,4504,Burpengary,Moreton,Southern,SEQ North,North Coast and Wide Bay/Burnett,Narangba,Narangba - Burpengary,Moreton Bay - North,Major Cities,Kurwongbah,Longman,Locally-controlled,Median Opening,No traffic control,60 km/h,Sealed - Dry,Clear,Daylight,Straight,Level,202,Veh'S Opposite Approach: Thru-Right,Opposing vehicles turning,0,1,0,2,3,2,0,0,0,0,0,0,0.0012,0
307,Polygon,1,307,2,Albany Creek Sub-Arterial Rd,63901,Hospitalisation,2010,December,Friday,15,Fall from vehicle,Single Vehicle,153.013754,-27.363464,Albany Creek Sub-Arterial Rd,<Null>,Aspley,Brisbane City,4034,Carseldine,North Brisbane,Brisbane,SEQ North,Metropolitan,Aspley,Chermside,Brisbane - North,Major Cities,Aspley,Petrie,Locally-controlled,Median Opening,Operating traffic lights,60 km/h,Sealed - Wet,Raining,Daylight,Curved - view open,Level,805,Off Path-Curve: Out Of Control On Cway,Out of control on curve,0,1,0,0,1,0,1,0,0,0,0,0,0.001202,0
308,Polygon,1,308,2,Anderson St,290566,Hospitalisation,2010,August,Friday,20,Angle,Multi-Vehicle,145.757749,-16.910485,Anderson St,<Null>,Manunda,Cairns Region,4870,Cairns,Far North,Northern,Northern,North Queensland,Manunda,Cairns - South,Cairns,Outer Regional,Cairns,Leichhardt,State-controlled,Median Opening,No traffic control,60 km/h,Sealed - Dry,Clear,Darkness - Lighted,Straight,Level,408,Veh'S Manoeuvring: Entering From Footway,Vehicle leaving driveway,0,1,0,0,1,1,0,0,0,1,0,0,0.001156,0
309,Polygon,1,309,2,Aurukun Rd,316396,Hospitalisation,2010,May,Friday,3,Hit object,Single Vehicle,141.899648,-13.161781,Aurukun Rd,<Null>,Aurukun,Aurukun Shire,4892,Aurukun,Far North,Northern,Northern,North Queensland,Aurukun,Far North,Queensland - Outback,Very Remote,Cook,Leichhardt,Locally-controlled,Forestry/National Park Road,No traffic control,100 - 110 km/h,Unsealed - Dry,Clear,Darkness - Not lighted,Straight,Level,700,Off Path-Straight: Other,Other,0,1,0,0,1,1,0,0,0,0,0,0,0.001146,0
310,Polygon,2,310,2,Birkdale Rd,103362,Hospitalisation,2010,January,Tuesday,19,Rear-end,Multi-Vehicle,153.195914,-27.524628,Birkdale Rd,<Null>,Capalaba,Redland City,4157,Capalaba,South Brisbane,Brisbane,SEQ South,Metropolitan,Capalaba,Capalaba,Brisbane - East,Major Cities,Capalaba,Bowman,State-controlled,Median Opening,Operating traffic lights,0 - 50 km/h,Sealed - Dry,Clear,Dawn/Dusk,Straight,Level,301,Veh'S Same Direction: Rear End,Rear-end,0,2,0,0,2,2,0,0,0,0,0,0,0.001202,0
311,Polygon,1,311,2,Bloomfield Rd,292657,Hospitalisation,2010,September,Friday,22,Hit object,Single Vehicle,145.334137,-15.946441,Bloomfield Rd,<Null>,Bloomfield,Cook Shire,4895,Wujal Wujal,Far North,Northern,Northern,North Queensland,Cape York,Far North,Queensland - Outback,Remote,Cook,Leichhardt,Locally-controlled,Forestry/National Park Road,No traffic control,80 - 90 km/h,Sealed - Wet,Raining,Darkness - Not lighted,Curved - view obscured,Grade,800,Off Path-Curve: Other,Other,0,2,1,0,3,0,0,1,0,0,0,0,0.001153,0
312,Polygon,1,312,2,Broadwater Park Rd,271650,Hospitalisation,2010,October,Saturday,16,Hit object,Single Vehicle,146.031055,-18.485523,Broadwater Park Rd,<Null>,Dalrymple Creek,Hinchinbrook Shire,4850,Ingham,Townsville,Northern,Northern,North Queensland,Ingham Region,Charters Towers - Ayr - Ingham,Townsville,Remote,Hinchinbrook,Kennedy,Locally-controlled,Forestry/National Park Road,No traffic control,70 km/h,Unsealed - Dry,Clear,Daylight,Curved - view open,Level,800,Off Path-Curve: Other,Other,0,1,1,0,2,1,0,0,0,0,0,0,0.001161,0
313,Polygon,1,313,2,Browns Plains Rd,99610,Hospitalisation,2010,November,Saturday,14,Angle,Multi-Vehicle,153.070226,-27.669215,Browns Plains Rd,<Null>,Heritage Park,Logan City,4118,Crestmead,Logan,South Eastern,SEQ South,South Coast,Regents Park - Heritage Park,Browns Plains,Logan - Beaudesert,Major Cities,Woodridge,Rankin,Locally-controlled,Median Opening,No traffic control,70 km/h,Sealed - Dry,Clear,Daylight,Curved - view open,Level,202,Veh'S Opposite Approach: Thru-Right,Opposing vehicles turning,0,2,0,0,2,2,0,0,0,0,0,0,0.001203,0