OBJECTID,Shape,Join_Count,TARGET_FID,Crash_Year,Crash_Street,Crash_Ref_Number,Crash_Severity,Crash_Year,Crash_Month,Crash_Day_Of_Week,Crash_Hour,Crash_Nature,Crash_Type,Crash_Longitude_GDA94,Crash_Latitude_GDA94,Crash_Street,Crash_Street_Intersecting,Loc_Suburb,Loc_Local_Government_Area,Loc_Post_Code,Loc_Police_Division,Loc_Police_District,Loc_Police_Region,Loc_Queensland_Transport_Region,Loc_Main_Roads_Region,Loc_ABS_Statistical_Area_2,Loc_ABS_Statistical_Area_3,Loc_ABS_Statistical_Area_4,Loc_ABS_Remoteness,Loc_State_Electorate,Loc_Federal_Electorate,Crash_Controlling_Authority,Crash_Roadway_Feature,Crash_Traffic_Control,Crash_Speed_Limit,Crash_Road_Surface_Condition,Crash_Atmospheric_Condition,Crash_Lighting_Condition,Crash_Road_Horiz_Align,Crash_Road_Vert_Align,Crash_DCA_Code,Crash_DCA_Description,Crash_DCA_Group_Description,Count_Casualty_Fatality,Count_Casualty_Hospitalised,Count_Casualty_MedicallyTreated,Count_Casualty_MinorInjury,Count_Casualty_Total,Count_Unit_Car,Count_Unit_Motorcycle_Moped,Count_Unit_Truck,Count_Unit_Bus,Count_Unit_Bicycle,Count_Unit_Pedestrian,Count_Unit_Other,Shape_Length,Shape_Area
314,Polygon,1,314,2,Caboolture - Bribie Island Rd,133492,Hospitalisation,2010,July,Saturday,7,Fall from vehicle,Single Vehicle,153.13131,-27.068623,Caboolture - Bribie Island Rd,<Null>,Sandstone Point,Moreton Bay Region,4511,Bribie Island,Moreton,Southern,SEQ North,North Coast and Wide Bay/Burnett,Beachmere - Sandstone Point,Bribie - Beachmere,Moreton Bay - North,Major Cities,Pumicestone,Longman,State-controlled,Merge Lane,No traffic control,80 - 90 km/h,Sealed - Dry,Clear,Daylight,Straight,Level,705,Off Path-Straight:Out Of Control On Cway,Out of control on straight,0,1,0,0,1,0,1,0,0,0,0,0,0.0012,0
315,Polygon,2,315,2,Cleveland - Redland Bay Rd,79513,Hospitalisation,2010,March,Tuesday,8,Angle,Multi-Vehicle,153.282086,-27.586773,Cleveland - Redland Bay Rd,<Null>,Victoria Point,Redland City,4165,Cleveland,South Brisbane,Brisbane,SEQ South,Metropolitan,Victoria Point,Cleveland - Stradbroke,Brisbane - East,Major Cities,Redlands,Bowman,State-controlled,Median Opening,Operating traffic lights,70 km/h,Sealed - Dry,Clear,Daylight,Straight,Level,202,Veh'S Opposite Approach: Thru-Right,Opposing vehicles turning,0,1,0,0,1,1,0,1,0,0,0,0,0.001203,0
316,Polygon,1,316,2,Danbulla Rd,285289,Hospitalisation,2010,October,Sunday,12,Overturned,Single Vehicle,145.591522,-17.142127,Danbulla Rd,<Null>,Danbulla,Tablelands Region,4872,Atherton,Far North,Northern,Northern,North Queensland,Malanda - Yungaburra,Tablelands (east) - Kuranda,Cairns,Outer Regional,Hill,Kennedy,Locally-controlled,Forestry/National Park Road,No traffic control,80 - 90 km/h,Unsealed - Dry,Clear,Daylight,Curved - view open,Grade,803,Off Path-Curve: Off Cway Rt Bend Hit Obj,Off carriageway on curve hit object,0,1,0,3,4,1,0,0,0,0,0,0,0.001157,0
317,Polygon,1,317,2,Forestry Rd,284306,Hospitalisation,2010,June,Monday,12,Hit object,Single Vehicle,146.489174,-19.227661,Forestry Rd,<Null>,Blue Hills,Townsville City,4818,Deeragun,Townsville,Northern,Northern,North Queensland,Northern Beaches,Townsville,Townsville,Outer Regional,Hinchinbrook,Herbert,Locally-controlled,Forestry/National Park Road,No traffic control,0 - 50 km/h,Unsealed - Dry,Clear,Daylight,Curved - view obscured,Level,805,Off Path-Curve: Out Of Control On Cway,Out of control on curve,0,2,0,0,2,1,0,0,0,0,0,0,0.001164,0
318,Polygon,1,318,2,Freshwater Rd,219684,Hospitalisation,2010,October,Sunday,11,Fall from vehicle,Single Vehicle,153.095005,-25.951513,Freshwater Rd,<Null>,Cooloola,Gympie Region,4580,Tin Can Bay,Wide Bay Burnett,Central,Southern,North Coast and Wide Bay/Burnett,Cooloola,Gympie - Cooloola,Wide Bay,Inner Regional,Gympie,Wide Bay,Locally-controlled,Forestry/National Park Road,No traffic control,0 - 50 km/h,Unsealed - Wet,Clear,Daylight,Curved - view open,Grade,805,Off Path-Curve: Out Of Control On Cway,Out of control on curve,0,1,0,0,1,0,1,0,0,0,0,0,0.001194,0
319,Polygon,1,319,2,Gateway Arterial Rd,48858,Hospitalisation,2010,November,Thursday,23,Rear-end,Multi-Vehicle,153.118099,-27.539129,Gateway Arterial Rd,<Null>,Mackenzie,Brisbane City,4156,Holland Park,South Brisbane,Brisbane,SEQ South,Metropolitan,Mansfield (qld),Mt Gravatt,Brisbane - South,Major Cities,Mansfield,Bonner,State-controlled,Median Opening,No traffic control,100 - 110 km/h,Sealed - Dry,Clear,Darkness - Lighted,Straight,Grade,304,Veh'S Same Direction: U-Turn,U-turn,0,2,0,0,2,1,0,1,0,0,0,0,0.001203,0
320,Polygon,1,320,2,Heathcote Rd,209138,Fatal,2010,February,Saturday,1,Hit object,Single Vehicle,152.552245,-26.335491,Heathcote Rd,<Null>,Upper Glastonbury,Gympie Region,4570,Gympie,Wide Bay Burnett,Central,Southern,North Coast and Wide Bay/Burnett,Gympie Region,Gympie - Cooloola,Wide Bay,Inner Regional,Gympie,Wide Bay,Locally-controlled,Forestry/National Park Road,No traffic control,100 - 110 km/h,Unsealed - Wet,Raining,Darkness - Not lighted,Curved - view obscured,Grade,804,Off Path-Curve: Off Cway Lt Bend Hit Obj,Off carriageway on curve hit object,1,0,0,1,2,1,0,0,0,0,0,0,0.001196,0
321,Polygon,1,321,2,High St,172421,Hospitalisation,2010,April,Thursday,15,Angle,Multi-Vehicle,153.408234,-27.960252,High St,<Null>,Southport,Gold Coast City,4215,Southport,Gold Coast,South Eastern,SEQ South,South Coast,Southport - North,Southport,Gold Coast,Major Cities,Bonney,Moncrieff,Locally-controlled,Median Opening,No traffic control,60 km/h,Sealed - Dry,Clear,Daylight,Straight,Grade,207,Veh'S Opposite Approach: U-Turn,U-turn,0,2,0,0,2,2,0,0,0,0,0,0,0.001205,0
322,Polygon,1,322,2,Inala Ave,26458,Hospitalisation,2010,September,Thursday,21,Angle,Multi-Vehicle,152.992009,-27.593451,Inala Ave,<Null>,Durack,Brisbane City,4077,Inala,South Brisbane,Brisbane,SEQ South,Metropolitan,Durack,Forest Lake - Oxley,Ipswich,Major Cities,Inala,Oxley,Locally-controlled,Median Opening,Give way sign,80 - 90 km/h,Sealed - Dry,Clear,Darkness - Lighted,Curved - view open,Crest,406,Veh'S Manoeuvring: Leaving Driveway,Vehicle leaving driveway,0,2,0,0,2,2,0,0,0,0,0,0,0.001203,0
323,Polygon,1,323,2,K P Mcgrath Dr,194383,Hospitalisation,2010,September,Wednesday,13,Angle,Multi-Vehicle,153.469575,-28.13336,K P Mcgrath Dr,<Null>,Elanora,Gold Coast City,4221,Palm Beach,Gold Coast,South Eastern,SEQ South,South Coast,Elanora,Coolangatta,Gold Coast,Major Cities,Currumbin,Mcpherson,Locally-controlled,Median Opening,Operating traffic lights,60 km/h,Sealed - Dry,Clear,Daylight,Straight,Level,406,Veh'S Manoeuvring: Leaving Driveway,Vehicle leaving driveway,0,1,0,0,1,2,0,0,0,0,0,0,0.001206,0
324,Polygon,2,324,2,Karawatha Dr,155998,Hospitalisation,2010,April,Saturday,9,Angle,Multi-Vehicle,153.090983,-26.693897,Karawatha Dr,<Null>,Buderim,Sunshine Coast Region,4556,Maroochydore,Sunshine Coast,Central,SEQ North,North Coast and Wide Bay/Burnett,Buderim - South,Buderim,Sunshine Coast,Major Cities,Buderim,Fairfax,Locally-controlled,Median Opening,Give way sign,60 km/h,Sealed - Dry,Clear,Daylight,Straight,Level,406,Veh'S Manoeuvring: Leaving Driveway,Vehicle leaving driveway,0,1,0,0,1,1,0,0,0,1,0,0,0.001198,0
325,Polygon,1,325,2,Lake Julius Rd,304608,Hospitalisation,2010,January,Sunday,12,Overturned,Single Vehicle,139.753256,-20.545089,Lake Julius Rd,<Null>,Mount Isa,Mount Isa City,4825,Mount Isa,Mount Isa,Northern,Northern,North Queensland,Mount Isa Region,Outback - North,Queensland - Outback,Very Remote,Traeger,Kennedy,Locally-controlled,Forestry/National Park Road,No traffic control,100 - 110 km/h,Unsealed - Dry,Clear,Daylight,Straight,Level,705,Off Path-Straight:Out Of Control On Cway,Out of control on straight,0,2,1,0,3,1,0,0,0,0,0,0,0.001169,0
326,Polygon,1,326,2,Macgregor St,48551,Hospitalisation,2010,March,Wednesday,12,Angle,Multi-Vehicle,153.084991,-27.566106,Macgregor St,<Null>,Upper Mount Gravatt,Brisbane City,4122,Upper Mount Gravatt,South Brisbane,Brisbane,SEQ South,Metropolitan,Upper Mount Gravatt,Mt Gravatt,Brisbane - South,Major Cities,Mansfield,Bonner,Locally-controlled,Median Opening,No traffic control,0 - 50 km/h,Sealed - Dry,Clear,Daylight,Straight,Crest,202,Veh'S Opposite Approach: Thru-Right,Opposing vehicles turning,0,1,0,0,1,2,0,0,0,0,0,0,0.001203,0
327,Polygon,1,327,2,Maraju - Yakapari Rd,263357,Hospitalisation,2010,March,Friday,14,Sideswipe,Multi-Vehicle,149.160919,-21.130116,Maraju - Yakapari Rd,<Null>,Mount Pleasant,Mackay Region,4740,Mackay,Mackay,Central,Central,Central Queensland,Mount Pleasant - Glenella,Mackay,Mackay - Isaac - Whitsunday,Inner Regional,Mackay,Dawson,State-controlled,Merge Lane,No traffic control,60 km/h,Sealed - Dry,Clear,Daylight,Curved - view open,Level,306,Veh'S Same Direction: Lane Change Right,Lane changes,0,1,0,2,3,2,0,1,0,0,0,0,0.001171,0
328,Polygon,1,328,2,Maryborough - Hervey Bay Rd,216568,Hospitalisation,2010,August,Wednesday,22,Hit object,Single Vehicle,152.706732,-25.52898,Maryborough - Hervey Bay Rd,<Null>,Maryborough,Fraser Coast Region,4650,Maryborough,Wide Bay Burnett,Central,Southern,North Coast and Wide Bay/Burnett,Maryborough (qld),Maryborough,Wide Bay,Inner Regional,Maryborough,Wide Bay,State-controlled,Merge Lane,No traffic control,60 km/h,Sealed - Dry,Clear,Darkness - Lighted,Curved - view open,Level,803,Off Path-Curve: Off Cway Rt Bend Hit Obj,Off carriageway on curve hit object,0,1,0,0,1,1,0,0,0,0,0,0,0.001191,0
329,Polygon,2,329,2,Mccullough St,48722,Hospitalisation,2010,July,Wednesday,17,Angle,Multi-Vehicle,153.066102,-27.572232,Mccullough St,<Null>,Sunnybank,Brisbane City,4109,Upper Mount Gravatt,South Brisbane,Brisbane,SEQ South,Metropolitan,Sunnybank,Sunnybank,Brisbane - South,Major Cities,Toohey,Moreton,Locally-controlled,Median Opening,Operating traffic lights,60 km/h,Sealed - Dry,Clear,Darkness - Lighted,Straight,Level,406,Veh'S Manoeuvring: Leaving Driveway,Vehicle leaving driveway,0,1,0,0,1,2,0,0,0,0,0,0,0.001203,0
330,Polygon,1,330,2,Nambour Connection Rd,159864,Hospitalisation,2010,January,Wednesday,7,Angle,Multi-Vehicle,152.963299,-26.640279,Nambour Connection Rd,<Null>,Nambour,Sunshine Coast Region,4560,Nambour,Sunshine Coast,Central,SEQ North,North Coast and Wide Bay/Burnett,Nambour,Nambour,Sunshine Coast,Major Cities,Nicklin,Fairfax,State-controlled,Median Opening,No traffic control,80 - 90 km/h,Sealed - Dry,Clear,Daylight,Curved - view open,Grade,406,Veh'S Manoeuvring: Leaving Driveway,Vehicle leaving driveway,0,1,0,0,1,2,0,0,0,0,0,0,0.001197,0
331,Polygon,1,331,2,Nicklin Wy,185902,Hospitalisation,2010,November,Tuesday,16,Hit object,Single Vehicle,153.123673,-26.772235,Nicklin Wy,<Null>,Currimundi,Sunshine Coast Region,4551,Kawana Waters,Sunshine Coast,Central,SEQ North,North Coast and Wide Bay/Burnett,Aroona - Currimundi,Caloundra,Sunshine Coast,Major Cities,Kawana,Fisher,State-controlled,Median Opening,Operating traffic lights,70 km/h,Sealed - Wet,Raining,Daylight,Straight,Grade,201,Veh'S Opposite Approach: Head On,Head-on,0,1,0,0,1,2,0,0,0,0,0,0,0.001198,0
332,Polygon,1,332,2,Nielsens Rd,163180,Hospitalisation,2010,April,Thursday,7,Angle,Multi-Vehicle,153.380481,-28.021885,Nielsens Rd,<Null>,Carrara,Gold Coast City,4211,Nerang,Gold Coast,South Eastern,SEQ South,South Coast,Carrara,Nerang,Gold Coast,Major Cities,Gaven,Moncrieff,Locally-controlled,Median Opening,Give way sign,60 km/h,Sealed - Dry,Clear,Daylight,Curved - view open,Level,406,Veh'S Manoeuvring: Leaving Driveway,Vehicle leaving driveway,0,1,0,0,1,1,0,0,0,1,0,0,0.001205,0
333,Polygon,1,333,2,Penderests Rd,191140,Hospitalisation,2010,May,Saturday,15,Head-on,Multi-Vehicle,152.039763,-27.43765,Penderests Rd,<Null>,Fifteen Mile,Lockyer Valley Region,4352,Helidon,Darling Downs,Southern,SEQ South,Downs South West,Lockyer Valley - West,Toowoomba,Toowoomba,Inner Regional,Lockyer,Wright,Locally-controlled,Forestry/National Park Road,No traffic control,60 km/h,Unsealed - Dry,Clear,Daylight,Curved - view obscured,Crest,201,Veh'S Opposite Approach: Head On,Head-on,0,1,1,0,2,0,2,0,0,0,0,0,0.001202,0
334,Polygon,1,334,2,Redbank Plains Rd,131395,Hospitalisation,2010,July,Thursday,16,Angle,Multi-Vehicle,152.870103,-27.646385,Redbank Plains Rd,<Null>,Redbank Plains,Ipswich City,4301,Goodna,Ipswich,Southern,SEQ South,Metropolitan,Redbank Plains,Springfield - Redbank,Ipswich,Major Cities,Bundamba,Oxley,Locally-controlled,Median Opening,No traffic control,60 km/h,Sealed - Dry,Clear,Daylight,Straight,Grade,406,Veh'S Manoeuvring: Leaving Driveway,Vehicle leaving driveway,0,2,0,0,2,2,0,0,0,0,0,0,0.001203,0
335,Polygon,1,335,2,Redcliffe Rd,84347,Hospitalisation,2010,July,Thursday,16,Angle,Multi-Vehicle,152.999167,-27.24949,Redcliffe Rd,<Null>,Kallangur,Moreton Bay Region,4503,Petrie,North Brisbane,Brisbane,SEQ North,North Coast and Wide Bay/Burnett,Dakabin - Kallangur,North Lakes,Moreton Bay - South,Major Cities,Murrumba,Dickson,State-controlled,Median Opening,No traffic control,60 km/h,Sealed - Dry,Clear,Daylight,Straight,Grade,406,Veh'S Manoeuvring: Leaving Driveway,Vehicle leaving driveway,0,1,0,0,1,2,0,0,0,0,0,0,0.001201,0
336,Polygon,1,336,2,Richardson Rd,249842,Hospitalisation,2010,October,Tuesday,14,Angle,Multi-Vehicle,150.521349,-23.340991,Richardson Rd,<Null>,Norman Gardens,Rockhampton Region,4701,North Rockhampton,Capricornia,Central,Central,Central Queensland,Norman Gardens,Rockhampton,Central Queensland,Inner Regional,Rockhampton,Capricornia,Locally-controlled,Median Opening,Give way sign,60 km/h,Sealed - Wet,Raining,Daylight,Straight,Level,406,Veh'S Manoeuvring: Leaving Driveway,Vehicle leaving driveway,0,2,0,0,2,2,0,0,0,0,0,0,0.001181,0
337,Polygon,1,337,2,River St,263437,Hospitalisation,2010,May,Wednesday,9,Angle,Multi-Vehicle,149.186048,-21.139062,River St,<Null>,Mackay,Mackay Region,4740,Mackay,Mackay,Central,Central,Central Queensland,Mackay,Mackay,Mackay - Isaac - Whitsunday,Inner Regional,Mackay,Dawson,Locally-controlled,Median Opening,No traffic control,0 - 50 km/h,Sealed - Dry,Clear,Daylight,Straight,Level,207,Veh'S Opposite Approach: U-Turn,U-turn,0,1,0,0,1,2,0,0,1,0,0,0,0.001171,0
338,Polygon,1,338,2,Samford - Mt Glorious Rd,126798,Hospitalisation,2010,November,Thursday,11,Hit object,Single Vehicle,152.786724,-27.360061,Samford - Mt Glorious Rd,<Null>,Mount Nebo,Moreton Bay Region,4520,Ferny Grove,North Brisbane,Brisbane,SEQ North,North Coast and Wide Bay/Burnett,Samford Valley,The Hills District,Moreton Bay - South,Inner Regional,Pine Rivers,Dickson,State-controlled,Forestry/National Park Road,No traffic control,80 - 90 km/h,Sealed - Dry,Clear,Daylight,Curved - view obscured,Dip,803,Off Path-Curve: Off Cway Rt Bend Hit Obj,Off carriageway on curve hit object,0,1,0,0,1,0,1,0,0,0,0,0,0.001202,0
339,Polygon,1,339,2,Sir Samuel Griffith Dr,31268,Hospitalisation,2010,October,Tuesday,19,Hit object,Single Vehicle,152.959373,-27.485184,Sir Samuel Griffith Dr,<Null>,Mount Coot-tha,Brisbane City,4066,Indooroopilly,North Brisbane,Brisbane,SEQ North,Metropolitan,Mount Coot-tha,The Gap - Enoggera,Brisbane - West,Major Cities,Maiwar,Ryan,Locally-controlled,Forestry/National Park Road,No traffic control,0 - 50 km/h,Sealed - Wet,Clear,Darkness - Not lighted,Curved - view open,Level,804,Off Path-Curve: Off Cway Lt Bend Hit Obj,Off carriageway on curve hit object,0,1,0,0,1,1,0,0,0,0,0,0,0.001202,0
340,Polygon,1,340,2,South Station Rd,112846,Hospitalisation,2010,December,Thursday,10,Angle,Multi-Vehicle,152.788723,-27.615621,South Station Rd,<Null>,Booval,Ipswich City,4304,Booval,Ipswich,Southern,SEQ South,Metropolitan,Ipswich - East,Ipswich Inner,Ipswich,Major Cities,Ipswich,Blair,Locally-controlled,Median Opening,Operating traffic lights,60 km/h,Sealed - Dry,Clear,Daylight,Straight,Level,406,Veh'S Manoeuvring: Leaving Driveway,Vehicle leaving driveway,0,1,0,0,1,2,0,0,0,0,0,0,0.001203,0
341,Polygon,1,341,2,Strathpine - Samford Rd,126796,Hospitalisation,2010,November,Wednesday,18,Angle,Multi-Vehicle,152.883627,-27.356958,Strathpine - Samford Rd,<Null>,Samford Valley,Moreton Bay Region,4520,Ferny Grove,North Brisbane,Brisbane,SEQ North,North Coast and Wide Bay/Burnett,Samford Valley,The Hills District,Moreton Bay - South,Major Cities,Pine Rivers,Dickson,State-controlled,Median Opening,No traffic control,60 km/h,Sealed - Dry,Clear,Darkness - Lighted,Straight,Level,202,Veh'S Opposite Approach: Thru-Right,Opposing vehicles turning,0,2,2,0,4,2,0,0,0,0,0,0,0.001202,0
342,Polygon,2,342,2,Town Centre Dr,163070,Hospitalisation,2010,December,Tuesday,11,Angle,Multi-Vehicle,153.337995,-27.92482,Town Centre Dr,<Null>,Helensvale,Gold Coast City,4212,Coomera,Gold Coast,South Eastern,SEQ South,South Coast,Helensvale,Ormeau - Oxenford,Gold Coast,Major Cities,Bonney,Fadden,Locally-controlled,Median Opening,Operating traffic lights,60 km/h,Sealed - Dry,Clear,Daylight,Straight,Level,202,Veh'S Opposite Approach: Thru-Right,Opposing vehicles turning,0,2,0,1,3,2,0,0,0,0,0,0,0.001205,0
343,Polygon,1,343,2,Unnamed Forestry Rd,88413,Hospitalisation,2010,July,Thursday,22,Hit object,Single Vehicle,153.392894,-27.217243,Unnamed Forestry Rd,<Null>,Moreton Island,Brisbane City,4025,Redcliffe,Moreton,Southern,SEQ North,Metropolitan,Scarborough - Newport - Moreton Island,Redcliffe,Moreton Bay - North,Remote,Redcliffe,Bonner,Locally-controlled,Forestry/National Park Road,No traffic control,0 - 50 km/h,Unsealed - Dry,Clear,Darkness - Not lighted,Straight,Level,703,Off Path-Straight: Left Off Cway Hit Obj,Off carriageway on straight hit object,0,1,0,0,1,1,0,0,0,0,0,0,0.001201,0
344,Polygon,1,344,2,Varsityview Ct,156582,Hospitalisation,2010,September,Friday,12,Angle,Multi-Vehicle,153.064434,-26.72201,Varsityview Ct,<Null>,Sippy Downs,Sunshine Coast Region,4556,Sippy Downs,Sunshine Coast,Central,SEQ North,North Coast and Wide Bay/Burnett,Sippy Downs,Buderim,Sunshine Coast,Major Cities,Buderim,Fisher,Locally-controlled,Median Opening,No traffic control,0 - 50 km/h,Sealed - Dry,Clear,Daylight,Straight,Level,308,Veh'S Same Direction: Right Turn S/Swipe,Parallel lanes turning,0,1,0,0,1,1,1,0,0,0,0,0,0.001198,0
345,Polygon,1,345,2,Victoria Point Rd,79544,Hospitalisation,2010,May,Monday,11,Angle,Multi-Vehicle,153.284602,-27.584313,Victoria Point Rd,<Null>,Victoria Point,Redland City,4165,Cleveland,South Brisbane,Brisbane,SEQ South,Metropolitan,Victoria Point,Cleveland - Stradbroke,Brisbane - East,Major Cities,Redlands,Bowman,State-controlled,Median Opening,Operating traffic lights,70 km/h,Sealed - Dry,Clear,Daylight,Straight,Level,202,Veh'S Opposite Approach: Thru-Right,Opposing vehicles turning,0,1,0,0,1,2,0,0,0,0,0,0,0.001203,0
346,Polygon,1,346,2,West St,306330,Hospitalisation,2010,November,Wednesday,18,Angle,Multi-Vehicle,139.494516,-20.712257,West St,<Null>,Winston,Mount Isa City,4825,Mount Isa,Mount Isa,Northern,Northern,North Queensland,Mount Isa,Outback - North,Queensland - Outback,Remote,Traeger,Kennedy,Locally-controlled,Median Opening,No traffic control,60 km/h,Sealed - Dry,Clear,Dawn/Dusk,Straight,Level,202,Veh'S Opposite Approach: Thru-Right,Opposing vehicles turning,0,1,0,0,1,1,1,0,0,0,0,0,0.001169,0
347,Polygon,2,347,2,Western Arterial Rd,125979,Hospitalisation,2010,August,Friday,15,Angle,Multi-Vehicle,152.991411,-27.410281,Western Arterial Rd,<Null>,Everton Park,Brisbane City,4053,Ferny Grove,North Brisbane,Brisbane,SEQ North,Metropolitan,Everton Park,Bald Hills - Everton Park,Brisbane - North,Major Cities,Everton,Brisbane,State-controlled,Median Opening,Operating traffic lights,60 km/h,Sealed - Dry,Clear,Daylight,Straight,Grade,202,Veh'S Opposite Approach: Thru-Right,Opposing vehicles turning,0,1,1,0,2,2,0,0,0,0,0,0,0.001202,0
348,Polygon,1,348,2,Zillmere Rd,63863,Hospitalisation,2010,November,Wednesday,17,Angle,Multi-Vehicle,153.018116,-27.35639,Zillmere Rd,<Null>,Aspley,Brisbane City,4034,Carseldine,North Brisbane,Brisbane,SEQ North,Metropolitan,Aspley,Chermside,Brisbane - North,Major Cities,Aspley,Petrie,Locally-controlled,Median Opening,No traffic control,60 km/h,Sealed - Dry,Clear,Daylight,Straight,Level,202,Veh'S Opposite Approach: Thru-Right,Opposing vehicles turning,0,1,0,0,1,2,0,0,0,0,0,0,0.001202,0
349,Polygon,2,349,2,Browns Plains Rd,98935,Hospitalisation,2011,April,Sunday,15,Angle,Multi-Vehicle,153.070795,-27.669485,Browns Plains Rd,<Null>,Heritage Park,Logan City,4118,Browns Plains,Logan,South Eastern,SEQ South,South Coast,Regents Park - Heritage Park,Browns Plains,Logan - Beaudesert,Major Cities,Woodridge,Rankin,Locally-controlled,Median Opening,Give way sign,0 - 50 km/h,Sealed - Dry,Clear,Daylight,Straight,Level,406,Veh'S Manoeuvring: Leaving Driveway,Vehicle leaving driveway,0,4,0,0,4,2,0,0,0,0,0,0,0.001203,0
350,Polygon,2,350,2,Burpengary - Caboolture Rd,76438,Hospitalisation,2011,April,Tuesday,11,Angle,Multi-Vehicle,152.954025,-27.117674,Burpengary - Caboolture Rd,<Null>,Morayfield,Moreton Bay Region,4506,Caboolture,Moreton,Southern,SEQ North,North Coast and Wide Bay/Burnett,Caboolture - South,Caboolture,Moreton Bay - North,Major Cities,Morayfield,Longman,State-controlled,Median Opening,Operating traffic lights,60 km/h,Sealed - Wet,Raining,Daylight,Straight,Level,202,Veh'S Opposite Approach: Thru-Right,Opposing vehicles turning,0,4,0,0,4,2,0,0,0,0,0,0,0.0012,0
351,Polygon,1,351,2,Caboolture - Bribie Island Rd,76378,Hospitalisation,2011,January,Monday,12,Rear-end,Multi-Vehicle,153.031854,-27.072589,Caboolture - Bribie Island Rd,<Null>,Ningi,Moreton Bay Region,4511,Caboolture,Moreton,Southern,SEQ North,North Coast and Wide Bay/Burnett,Beachmere - Sandstone Point,Bribie - Beachmere,Moreton Bay - North,Major Cities,Pumicestone,Longman,State-controlled,Merge Lane,No traffic control,100 - 110 km/h,Sealed - Dry,Clear,Daylight,Straight,Level,301,Veh'S Same Direction: Rear End,Rear-end,0,2,0,0,2,3,0,1,0,0,0,0,0.0012,0
352,Polygon,1,352,2,Caboolture Connection Rd,76447,Hospitalisation,2011,April,Thursday,17,Rear-end,Multi-Vehicle,152.960198,-27.085143,Caboolture Connection Rd,<Null>,Caboolture,Moreton Bay Region,4510,Caboolture,Moreton,Southern,SEQ North,North Coast and Wide Bay/Burnett,Caboolture,Caboolture,Moreton Bay - North,Major Cities,Morayfield,Longman,State-controlled,Merge Lane,No traffic control,0 - 50 km/h,Sealed - Dry,Clear,Dawn/Dusk,Straight,Level,301,Veh'S Same Direction: Rear End,Rear-end,0,1,0,0,1,2,0,0,0,0,0,0,0.0012,0
353,Polygon,3,353,2,Caloundra Rd,140408,Hospitalisation,2011,July,Tuesday,17,Angle,Multi-Vehicle,153.121735,-26.804107,Caloundra Rd,<Null>,Caloundra,Sunshine Coast Region,4551,Caloundra,Sunshine Coast,Central,SEQ North,North Coast and Wide Bay/Burnett,Caloundra - Kings Beach,Caloundra,Sunshine Coast,Major Cities,Caloundra,Fisher,State-controlled,Median Opening,Operating traffic lights,60 km/h,Sealed - Dry,Clear,Daylight,Curved - view open,Grade,202,Veh'S Opposite Approach: Thru-Right,Opposing vehicles turning,0,1,0,0,1,2,0,0,0,0,0,0,0.001198,0
354,Polygon,5,354,2,Cleveland - Redland Bay Rd,79244,Hospitalisation,2011,June,Friday,7,Angle,Multi-Vehicle,153.282161,-27.588939,Cleveland - Redland Bay Rd,<Null>,Victoria Point,Redland City,4165,Cleveland,South Brisbane,Brisbane,SEQ South,Metropolitan,Victoria Point,Cleveland - Stradbroke,Brisbane - East,Major Cities,Redlands,Bowman,State-controlled,Median Opening,Operating traffic lights,60 km/h,Sealed - Dry,Clear,Daylight,Curved - view open,Level,202,Veh'S Opposite Approach: Thru-Right,Opposing vehicles turning,0,1,0,0,1,1,0,0,0,1,0,0,0.002406,0
355,Polygon,1,355,2,Collingwood Rd,230552,Hospitalisation,2011,July,Friday,15,Hit object,Single Vehicle,152.07963,-27.380641,Collingwood Rd,<Null>,Hampton,Toowoomba Region,4352,Crows Nest,Darling Downs,Southern,Southern,Downs South West,Crows Nest - Rosalie,Darling Downs - East,Darling Downs - Maranoa,Inner Regional,Condamine,Maranoa,Locally-controlled,Forestry/National Park Road,No traffic control,100 - 110 km/h,Unsealed - Dry,Clear,Daylight,Straight,Grade,703,Off Path-Straight: Left Off Cway Hit Obj,Off carriageway on straight hit object,0,1,0,0,1,1,0,0,0,0,0,0,0.001202,0
356,Polygon,2,356,2,Creek Rd,8414,Hospitalisation,2011,September,Sunday,23,Angle,Multi-Vehicle,153.100716,-27.498867,Creek Rd,<Null>,Carindale,Brisbane City,4152,Carina,South Brisbane,Brisbane,SEQ South,Metropolitan,Carina,Carindale,Brisbane - South,Major Cities,Chatsworth,Griffith,Locally-controlled,Median Opening,Operating traffic lights,60 km/h,Sealed - Dry,Clear,Darkness - Lighted,Straight,Crest,202,Veh'S Opposite Approach: Thru-Right,Opposing vehicles turning,0,1,0,0,1,2,0,0,0,0,0,0,0.002405,0
357,Polygon,1,357,2,Deception Bay Rd,107405,Hospitalisation,2011,February,Saturday,17,Hit object,Single Vehicle,153.021532,-27.191863,Deception Bay Rd,<Null>,Deception Bay,Moreton Bay Region,4508,Deception Bay,Moreton,Southern,SEQ North,North Coast and Wide Bay/Burnett,Deception Bay,Narangba - Burpengary,Moreton Bay - North,Major Cities,Bancroft,Petrie,State-controlled,Median Opening,Operating traffic lights,70 km/h,Sealed - Dry,Clear,Daylight,Straight,Grade,703,Off Path-Straight: Left Off Cway Hit Obj,Off carriageway on straight hit object,0,2,0,0,2,0,1,0,0,0,0,0,0.001201,0