OBJECTID,Shape,Join_Count,TARGET_FID,Crash_Year,Crash_Street,Crash_Ref_Number,Crash_Severity,Crash_Year,Crash_Month,Crash_Day_Of_Week,Crash_Hour,Crash_Nature,Crash_Type,Crash_Longitude_GDA94,Crash_Latitude_GDA94,Crash_Street,Crash_Street_Intersecting,Loc_Suburb,Loc_Local_Government_Area,Loc_Post_Code,Loc_Police_Division,Loc_Police_District,Loc_Police_Region,Loc_Queensland_Transport_Region,Loc_Main_Roads_Region,Loc_ABS_Statistical_Area_2,Loc_ABS_Statistical_Area_3,Loc_ABS_Statistical_Area_4,Loc_ABS_Remoteness,Loc_State_Electorate,Loc_Federal_Electorate,Crash_Controlling_Authority,Crash_Roadway_Feature,Crash_Traffic_Control,Crash_Speed_Limit,Crash_Road_Surface_Condition,Crash_Atmospheric_Condition,Crash_Lighting_Condition,Crash_Road_Horiz_Align,Crash_Road_Vert_Align,Crash_DCA_Code,Crash_DCA_Description,Crash_DCA_Group_Description,Count_Casualty_Fatality,Count_Casualty_Hospitalised,Count_Casualty_MedicallyTreated,Count_Casualty_MinorInjury,Count_Casualty_Total,Count_Unit_Car,Count_Unit_Motorcycle_Moped,Count_Unit_Truck,Count_Unit_Bus,Count_Unit_Bicycle,Count_Unit_Pedestrian,Count_Unit_Other,Shape_Length,Shape_Area
445,Polygon,1,445,2,Khyber Rd,240024,Hospitalisation,2013,September,Wednesday,9,Hit object,Single Vehicle,146.670859,-25.55716,Khyber Rd,<Null>,Nive,Murweh Shire,4470,Augathella,South West,Southern,Southern,Downs South West,Charleville,Outback - South,Queensland - Outback,Very Remote,Warrego,Maranoa,Locally-controlled,Forestry/National Park Road,No traffic control,100 - 110 km/h,Unsealed - Dry,Clear,Daylight,Straight,Level,703,Off Path-Straight: Left Off Cway Hit Obj,Off carriageway on straight hit object,0,1,0,0,1,1,0,0,0,0,0,0,0.001192,0
446,Polygon,1,446,2,Knudsens Rd,236580,Hospitalisation,2013,July,Thursday,10,Overturned,Single Vehicle,150.562876,-26.058799,Knudsens Rd,<Null>,Auburn,Western Downs Region,4413,Chinchilla,South West,Southern,Southern,Downs South West,Chinchilla,Darling Downs (west) - Maranoa,Darling Downs - Maranoa,Outer Regional,Callide,Maranoa,Locally-controlled,Forestry/National Park Road,No traffic control,100 - 110 km/h,Unsealed - Dry,Clear,Daylight,Straight,Dip,702,Off Path-Straight: Right Off Cway,Off carriageway on straight,0,1,0,0,1,1,0,0,0,0,0,0,0.001194,0
447,Polygon,1,447,2,Lakefield Rd,297246,Fatal,2013,November,Sunday,19,Overturned,Single Vehicle,144.016493,-14.723103,Lakefield Rd,<Null>,Lakefield,Cook Shire,4892,Laura,Far North,Northern,Northern,North Queensland,Cape York,Far North,Queensland - Outback,Very Remote,Cook,Leichhardt,Locally-controlled,Forestry/National Park Road,No traffic control,100 - 110 km/h,Unsealed - Dry,Clear,Darkness - Not lighted,Straight,Level,705,Off Path-Straight:Out Of Control On Cway,Out of control on straight,1,0,0,0,1,1,0,0,0,0,0,0,0.00115,0
448,Polygon,1,448,2,Landsborough Ave,88839,Hospitalisation,2013,March,Tuesday,9,Sideswipe,Multi-Vehicle,153.115383,-27.199036,Landsborough Ave,<Null>,Scarborough,Moreton Bay Region,4020,Redcliffe,Moreton,Southern,SEQ North,North Coast and Wide Bay/Burnett,Scarborough - Newport - Moreton Island,Redcliffe,Moreton Bay - North,Major Cities,Redcliffe,Petrie,Locally-controlled,Median Opening,No traffic control,0 - 50 km/h,Sealed - Dry,Clear,Daylight,Straight,Level,305,Veh'S Same Direction: Lane Side Swipe,Lane changes,0,1,0,0,1,0,0,0,1,1,0,0,0.001201,0
449,Polygon,1,449,2,Langford Rd,257461,Hospitalisation,2013,October,Tuesday,5,Overturned,Single Vehicle,148.747644,-20.26311,Langford Rd,<Null>,Flametree,Whitsunday Region,4802,Whitsunday,Mackay,Central,Central,Central Queensland,Airlie - Whitsundays,Whitsunday,Mackay - Isaac - Whitsunday,Outer Regional,Whitsunday,Dawson,Locally-controlled,Forestry/National Park Road,No traffic control,0 - 50 km/h,Unsealed - Dry,Clear,Daylight,Straight,Level,701,Off Path-Straight: Left Off Cway,Off carriageway on straight,0,1,0,0,1,1,0,0,0,0,0,0,0.001168,0
450,Polygon,1,450,2,Logandale Blvd,311207,Hospitalisation,2013,August,Friday,8,Angle,Multi-Vehicle,153.21126,-27.673357,Logandale Blvd,<Null>,Cornubia,Logan City,4130,Loganholme,Logan,South Eastern,SEQ South,South Coast,Cornubia - Carbrook,Loganlea - Carbrook,Logan - Beaudesert,Major Cities,Macalister,Forde,Locally-controlled,Median Opening,No traffic control,0 - 50 km/h,Sealed - Dry,Clear,Daylight,Straight,Level,202,Veh'S Opposite Approach: Thru-Right,Opposing vehicles turning,0,1,0,0,1,1,0,0,1,0,0,0,0.001203,0
451,Polygon,1,451,2,Lyndon Rd,104870,Hospitalisation,2013,September,Sunday,9,Sideswipe,Multi-Vehicle,153.221526,-27.548818,Lyndon Rd,<Null>,Capalaba,Redland City,4157,Capalaba,South Brisbane,Brisbane,SEQ South,Metropolitan,Capalaba,Capalaba,Brisbane - East,Major Cities,Capalaba,Bowman,Locally-controlled,Merge Lane,No traffic control,70 km/h,Sealed - Dry,Clear,Daylight,Curved - view open,Grade,306,Veh'S Same Direction: Lane Change Right,Lane changes,0,3,1,0,4,2,0,0,0,0,0,0,0.001203,0
452,Polygon,1,452,2,Mount Nebo Rd,127465,Hospitalisation,2013,December,Monday,10,Head-on,Multi-Vehicle,152.806355,-27.398852,Mount Nebo Rd,<Null>,Jollys Lookout,Moreton Bay Region,4520,Ferny Grove,North Brisbane,Brisbane,SEQ North,North Coast and Wide Bay/Burnett,Samford Valley,The Hills District,Moreton Bay - South,Inner Regional,Pine Rivers,Dickson,Locally-controlled,Forestry/National Park Road,No traffic control,70 km/h,Sealed - Dry,Clear,Daylight,Curved - view obscured,Dip,201,Veh'S Opposite Approach: Head On,Head-on,0,1,0,0,1,1,1,0,0,0,0,0,0.001202,0
453,Polygon,1,453,2,Nudgee Rd,122086,Hospitalisation,2013,November,Monday,9,Sideswipe,Multi-Vehicle,153.074209,-27.416461,Nudgee Rd,<Null>,Hendra,Brisbane City,4011,Hendra,North Brisbane,Brisbane,SEQ North,Metropolitan,Hendra,Brisbane Inner - North,Brisbane Inner City,Major Cities,Clayfield,Brisbane,Locally-controlled,Merge Lane,No traffic control,60 km/h,Sealed - Dry,Clear,Daylight,Straight,Grade,305,Veh'S Same Direction: Lane Side Swipe,Lane changes,0,1,0,0,1,1,0,1,0,0,0,0,0.001202,0
454,Polygon,1,454,2,Pease St,291251,Hospitalisation,2013,July,Saturday,18,Hit pedestrian,Hit pedestrian,145.74155,-16.913043,Pease St,<Null>,Manoora,Cairns Region,4870,Cairns,Far North,Northern,Northern,North Queensland,Manoora,Cairns - South,Cairns,Outer Regional,Cairns,Leichhardt,Locally-controlled,Median Opening,No traffic control,60 km/h,Sealed - Wet,Raining,Darkness - Lighted,Straight,Level,1,Ped'N: Near Side Vehicle Hit From Right,Pedestrian,0,1,0,0,1,1,0,0,0,0,1,0,0.001156,0
455,Polygon,1,455,2,Rainbow Beach Rd,219713,Hospitalisation,2013,February,Saturday,9,Angle,Multi-Vehicle,153.091615,-25.902947,Rainbow Beach Rd,<Null>,Rainbow Beach,Gympie Region,4581,Tin Can Bay,Wide Bay Burnett,Central,Southern,North Coast and Wide Bay/Burnett,Cooloola,Gympie - Cooloola,Wide Bay,Inner Regional,Gympie,Wide Bay,State-controlled,Median Opening,No traffic control,0 - 50 km/h,Sealed - Wet,Raining,Daylight,Straight,Grade,202,Veh'S Opposite Approach: Thru-Right,Opposing vehicles turning,0,3,0,0,3,3,0,0,0,0,0,0,0.001193,0
456,Polygon,1,456,2,Redlynch Connector Rd,294355,Hospitalisation,2013,August,Friday,1,Hit object,Single Vehicle,145.699296,-16.899972,Redlynch Connector Rd,<Null>,Redlynch,Cairns Region,4870,Cairns,Far North,Northern,Northern,North Queensland,Redlynch,Cairns - North,Cairns,Outer Regional,Barron River,Leichhardt,Locally-controlled,Median Opening,No traffic control,70 km/h,Sealed - Dry,Clear,Darkness - Lighted,Curved - view open,Level,805,Off Path-Curve: Out Of Control On Cway,Out of control on curve,0,1,0,0,1,1,0,0,0,0,0,0,0.001156,0
457,Polygon,1,457,2,Rockhampton - Yeppoon Rd,250136,Fatal,2013,March,Tuesday,16,Hit object,Single Vehicle,150.591777,-23.276018,Rockhampton - Yeppoon Rd,<Null>,Ironpot,Livingstone Shire,4610,North Rockhampton,Capricornia,Central,Central,Central Queensland,Rockhampton Region - East,Rockhampton,Central Queensland,Inner Regional,Keppel,Capricornia,State-controlled,Median Opening,No traffic control,100 - 110 km/h,Sealed - Wet,Raining,Daylight,Straight,Grade,201,Veh'S Opposite Approach: Head On,Head-on,1,1,0,0,2,2,0,0,0,0,0,0,0.00118,0
458,Polygon,2,458,2,Seventy Five Mile Beach Rd,309404,Hospitalisation,2013,April,Friday,16,Overturned,Single Vehicle,153.345406,-25.040984,Seventy Five Mile Beach Rd,<Null>,Fraser Island,Fraser Coast Region,4581,Fraser Island,Wide Bay Burnett,Central,Southern,North Coast and Wide Bay/Burnett,Burrum - Fraser,Maryborough,Wide Bay,Remote,Hervey Bay,Wide Bay,Locally-controlled,Forestry/National Park Road,No traffic control,80 - 90 km/h,Unsealed - Dry,Clear,Daylight,Straight,Dip,705,Off Path-Straight:Out Of Control On Cway,Out of control on straight,0,1,0,0,1,1,0,0,0,0,0,0,0.00238,0
459,Polygon,1,459,2,Sunday Creek Rd,149359,Hospitalisation,2013,June,Friday,9,Hit object,Single Vehicle,152.675107,-26.619139,Sunday Creek Rd,<Null>,Kenilworth,Sunshine Coast Region,4574,Kenilworth,Sunshine Coast,Central,SEQ North,North Coast and Wide Bay/Burnett,Maroochy Hinterland,Sunshine Coast Hinterland,Sunshine Coast,Inner Regional,Glass House,Fairfax,State-controlled,Forestry/National Park Road,No traffic control,80 - 90 km/h,Unsealed - Wet,Clear,Daylight,Curved - view obscured,Level,804,Off Path-Curve: Off Cway Lt Bend Hit Obj,Off carriageway on curve hit object,0,1,0,0,1,1,0,0,0,0,0,0,0.001197,0
460,Polygon,1,460,2,Tanker St,59235,Hospitalisation,2013,April,Monday,15,Sideswipe,Multi-Vehicle,153.167372,-27.414489,Tanker St,<Null>,Port Of Brisbane,Brisbane City,4178,Wynnum,South Brisbane,Brisbane,SEQ South,Metropolitan,Brisbane Port - Lytton,Wynnum - Manly,Brisbane - East,Major Cities,Lytton,Bonner,Locally-controlled,Merge Lane,No traffic control,80 - 90 km/h,Sealed - Dry,Clear,Daylight,Straight,Level,300,Veh'S Same Direction: Other,Other,0,3,0,0,3,1,0,1,0,0,0,0,0.001202,0
461,Polygon,1,461,2,Teewah Beach Rd,219718,Hospitalisation,2013,August,Saturday,0,Hit object,Single Vehicle,153.122151,-26.080735,Teewah Beach Rd,<Null>,Cooloola,Gympie Region,4580,Tin Can Bay,Wide Bay Burnett,Central,Southern,North Coast and Wide Bay/Burnett,Cooloola,Gympie - Cooloola,Wide Bay,Inner Regional,Gympie,Wide Bay,State-controlled,Forestry/National Park Road,No traffic control,0 - 50 km/h,Unsealed - Wet,Clear,Darkness - Not lighted,Straight,Grade,607,Veh'S On Path: Temporary Object On C'Way,Other,0,1,0,1,2,1,0,0,0,0,0,0,0.001194,0
462,Polygon,1,462,2,Twin View Rd,76870,Hospitalisation,2013,February,Saturday,0,Overturned,Single Vehicle,152.886631,-26.973193,Twin View Rd,<Null>,Elimbah,Moreton Bay Region,4516,Caboolture,Moreton,Southern,SEQ North,North Coast and Wide Bay/Burnett,Elimbah,Caboolture,Moreton Bay - North,Major Cities,Glass House,Longman,Locally-controlled,Forestry/National Park Road,No traffic control,60 km/h,Unsealed - Dry,Smoke/Dust,Darkness - Not lighted,Curved - view open,Grade,805,Off Path-Curve: Out Of Control On Cway,Out of control on curve,0,1,0,0,1,1,0,0,0,0,0,0,0.001199,0
463,Polygon,6,463,2,Unnamed Forestry Rd,31982,Fatal,2013,November,Friday,6,Hit object,Single Vehicle,152.963587,-27.468348,Unnamed Forestry Rd,<Null>,Mount Coot-tha,Brisbane City,4066,Indooroopilly,North Brisbane,Brisbane,SEQ North,Metropolitan,Mount Coot-tha,The Gap - Enoggera,Brisbane - West,Major Cities,Maiwar,Ryan,Locally-controlled,Forestry/National Park Road,No traffic control,0 - 50 km/h,Unsealed - Dry,Clear,Daylight,Straight,Grade,400,Veh'S Manoeuvring: Other,Other,1,0,0,0,1,0,0,0,0,1,0,0,0.007107,0.000001
464,Polygon,1,464,2,Waterfall Creek Rd,187055,Hospitalisation,2013,April,Saturday,9,Hit object,Single Vehicle,152.662714,-28.229334,Waterfall Creek Rd,<Null>,Maroon,Scenic Rim Region,4310,Boonah,Ipswich,Southern,SEQ South,South Coast,Boonah,Ipswich Hinterland,Ipswich,Inner Regional,Scenic Rim,Wright,Locally-controlled,Forestry/National Park Road,No traffic control,100 - 110 km/h,Unsealed - Wet,Raining,Daylight,Straight,Grade,607,Veh'S On Path: Temporary Object On C'Way,Other,0,1,0,0,1,0,1,0,0,0,0,0,0.001207,0
465,Polygon,1,465,2,Wild Horse Rd,198980,Hospitalisation,2013,August,Saturday,13,Fall from vehicle,Single Vehicle,152.997893,-26.915765,Wild Horse Rd,<Null>,Coochin Creek,Sunshine Coast Region,4519,Beerwah,Sunshine Coast,Central,SEQ North,North Coast and Wide Bay/Burnett,Glass House Mountains,Sunshine Coast Hinterland,Sunshine Coast,Inner Regional,Glass House,Fisher,State-controlled,Forestry/National Park Road,No traffic control,70 km/h,Unsealed - Dry,Clear,Daylight,Curved - view obscured,Level,805,Off Path-Curve: Out Of Control On Cway,Out of control on curve,0,1,0,0,1,0,1,0,0,0,0,0,0.001199,0
466,Polygon,1,466,2,Winstanley St,8595,Hospitalisation,2013,October,Tuesday,14,Hit object,Single Vehicle,153.113657,-27.50865,Winstanley St,<Null>,Carindale,Brisbane City,4152,Carina,South Brisbane,Brisbane,SEQ South,Metropolitan,Carindale,Carindale,Brisbane - South,Major Cities,Chatsworth,Bonner,Locally-controlled,Merge Lane,No traffic control,0 - 50 km/h,Sealed - Dry,Clear,Daylight,Curved - view open,Level,800,Off Path-Curve: Other,Other,0,2,0,0,2,1,0,0,0,0,0,0,0.001202,0
467,Polygon,1,467,2,Wises Rd,157218,Hospitalisation,2013,August,Friday,12,Angle,Multi-Vehicle,153.085374,-26.671373,Wises Rd,<Null>,Buderim,Sunshine Coast Region,4556,Maroochydore,Sunshine Coast,Central,SEQ North,North Coast and Wide Bay/Burnett,Buderim - North,Buderim,Sunshine Coast,Major Cities,Buderim,Fairfax,Locally-controlled,Median Opening,Operating traffic lights,60 km/h,Sealed - Dry,Clear,Daylight,Straight,Level,202,Veh'S Opposite Approach: Thru-Right,Opposing vehicles turning,0,1,0,0,1,2,0,0,0,0,0,0,0.001198,0
468,Polygon,1,468,2,Wruck Cres,67218,Hospitalisation,2013,May,Thursday,12,Hit pedestrian,Hit pedestrian,152.968302,-27.34637,Wruck Cres,<Null>,Albany Creek,Moreton Bay Region,4035,Albany Creek,North Brisbane,Brisbane,SEQ North,North Coast and Wide Bay/Burnett,Albany Creek,The Hills District,Moreton Bay - South,Major Cities,Everton,Dickson,Locally-controlled,Median Opening,Pedestrian crossing sign,0 - 50 km/h,Sealed - Dry,Clear,Daylight,Straight,Level,3,Ped'N: Far Side Vehicle Hit From Left,Pedestrian,0,1,0,0,1,1,0,0,0,0,1,0,0.001201,0
469,Polygon,2,469,2,Wynnum Rd,36949,Hospitalisation,2013,July,Wednesday,21,Fall from vehicle,Single Vehicle,153.071449,-27.468493,Wynnum Rd,<Null>,Morningside,Brisbane City,4170,Morningside,South Brisbane,Brisbane,SEQ South,Metropolitan,Morningside - Seven Hills,Brisbane Inner - East,Brisbane Inner City,Major Cities,Bulimba,Griffith,Locally-controlled,Median Opening,No traffic control,60 km/h,Sealed - Dry,Clear,Darkness - Lighted,Straight,Level,705,Off Path-Straight:Out Of Control On Cway,Out of control on straight,0,1,0,0,1,0,1,0,0,0,0,0,0.002404,0
470,Polygon,1,470,2,Allandale Ent,138389,Hospitalisation,2014,July,Tuesday,18,Angle,Multi-Vehicle,153.408878,-28.047809,Allandale Ent,Markeri St,Mermaid Waters,Gold Coast City,4218,Broadbeach,Gold Coast,South Eastern,SEQ South,South Coast,Mermaid Waters,Broadbeach - Burleigh,Gold Coast,Major Cities,Mermaid Beach,Moncrieff,Locally-controlled,Median Opening,Operating traffic lights,60 km/h,Sealed - Dry,Clear,Darkness - Lighted,Straight,Level,202,Veh'S Opposite Approach: Thru-Right,Opposing vehicles turning,0,1,0,0,1,2,0,0,0,0,0,0,0.001206,0
471,Polygon,1,471,2,Beaudesert - Nerang Rd,164131,Hospitalisation,2014,September,Tuesday,18,Angle,Multi-Vehicle,153.305391,-27.996438,Beaudesert - Nerang Rd,<Null>,Nerang,Gold Coast City,4211,Nerang,Gold Coast,South Eastern,SEQ South,South Coast,Nerang - Mount Nathan,Nerang,Gold Coast,Major Cities,Gaven,Wright,State-controlled,Merge Lane,No traffic control,60 km/h,Sealed - Dry,Clear,Dawn/Dusk,Straight,Level,308,Veh'S Same Direction: Right Turn S/Swipe,Parallel lanes turning,0,1,0,0,1,2,0,0,0,0,0,0,0.001205,0
472,Polygon,1,472,2,Benowa Rd,173602,Hospitalisation,2014,April,Wednesday,16,Sideswipe,Multi-Vehicle,153.399464,-27.990249,Benowa Rd,<Null>,Southport,Gold Coast City,4215,Southport,Gold Coast,South Eastern,SEQ South,South Coast,Southport - South,Southport,Gold Coast,Major Cities,Southport,Moncrieff,Locally-controlled,Merge Lane,No traffic control,60 km/h,Sealed - Dry,Clear,Daylight,Straight,Grade,306,Veh'S Same Direction: Lane Change Right,Lane changes,0,1,0,0,1,1,1,0,0,0,0,0,0.001205,0
473,Polygon,1,473,2,Bestmann Rd E,133639,Hospitalisation,2014,January,Thursday,14,Hit object,Single Vehicle,153.135415,-27.082634,Bestmann Rd E,<Null>,Sandstone Point,Moreton Bay Region,4511,Bribie Island,Moreton,Southern,SEQ North,North Coast and Wide Bay/Burnett,Beachmere - Sandstone Point,Bribie - Beachmere,Moreton Bay - North,Major Cities,Pumicestone,Longman,Locally-controlled,Median Opening,No traffic control,60 km/h,Sealed - Dry,Clear,Daylight,Straight,Level,703,Off Path-Straight: Left Off Cway Hit Obj,Off carriageway on straight hit object,0,1,0,0,1,1,0,0,0,0,0,0,0.0012,0
474,Polygon,1,474,2,Brisbane - Beenleigh Rd,71429,Hospitalisation,2014,August,Friday,16,Hit object,Single Vehicle,153.154804,-27.695921,Brisbane - Beenleigh Rd,<Null>,Bethania,Logan City,4205,Beenleigh,Logan,South Eastern,SEQ South,South Coast,Bethania - Waterford,Loganlea - Carbrook,Logan - Beaudesert,Major Cities,Waterford,Forde,State-controlled,Merge Lane,No traffic control,80 - 90 km/h,Sealed - Wet,Raining,Daylight,Curved - view open,Grade,808,Off Path-Curve: Mounts Traffic Island,Off carriageway on curve hit object,0,1,0,0,1,1,0,0,0,0,0,0,0.001203,0
475,Polygon,1,475,2,Brisbane - Woodford Rd,85401,Hospitalisation,2014,December,Saturday,14,Sideswipe,Multi-Vehicle,152.990236,-27.308331,Brisbane - Woodford Rd,<Null>,Strathpine,Moreton Bay Region,4500,Petrie,North Brisbane,Brisbane,SEQ North,North Coast and Wide Bay/Burnett,Strathpine - Brendale,Strathpine,Moreton Bay - South,Major Cities,Pine Rivers,Dickson,State-controlled,Merge Lane,No traffic control,60 km/h,Sealed - Wet,Raining,Daylight,Straight,Level,300,Veh'S Same Direction: Other,Other,0,1,0,1,2,1,1,0,0,0,0,0,0.001201,0
476,Polygon,1,476,2,Bundaberg - Bargara Rd,204182,Hospitalisation,2014,August,Saturday,13,Fall from vehicle,Single Vehicle,152.344377,-24.86735,Bundaberg - Bargara Rd,Burrum St,Bundaberg West,Bundaberg Region,4670,Bundaberg,Wide Bay Burnett,Central,Southern,North Coast and Wide Bay/Burnett,Bundaberg,Bundaberg,Wide Bay,Inner Regional,Bundaberg,Hinkler,State-controlled,Median Opening,Give way sign,60 km/h,Sealed - Dry,Clear,Daylight,Straight,Level,104,Veh'S Adjacent Approach: Thru-Right,Intersection from adjacent approaches,0,1,0,0,1,0,1,0,0,0,0,0,0.001188,0
477,Polygon,1,477,2,Bundaberg - Miriam Vale Rd,219410,Hospitalisation,2014,February,Wednesday,19,Hit object,Single Vehicle,151.98013,-24.637187,Bundaberg - Miriam Vale Rd,<Null>,Watalgan,Bundaberg Region,4670,South Kolan,Wide Bay Burnett,Central,Southern,North Coast and Wide Bay/Burnett,Bundaberg Region - North,Bundaberg,Wide Bay,Outer Regional,Burnett,Flynn,State-controlled,Median Opening,No traffic control,100 - 110 km/h,Sealed - Dry,Clear,Darkness - Not lighted,Straight,Dip,704,Off Path-Straight:Right Off Cway Hit Obj,Off carriageway on straight hit object,0,2,0,0,2,1,0,0,0,0,0,0,0.001187,0
478,Polygon,1,478,2,Burleigh Connection Rd,195031,Hospitalisation,2014,April,Monday,8,Rear-end,Multi-Vehicle,153.406139,-28.102114,Burleigh Connection Rd,Scottsdale Dr,Varsity Lakes,Gold Coast City,4227,Robina,Gold Coast,South Eastern,SEQ South,South Coast,Varsity Lakes,Robina,Gold Coast,Major Cities,Burleigh,Mcpherson,State-controlled,Merge Lane,Give way sign,60 km/h,Sealed - Dry,Clear,Daylight,Curved - view open,Level,302,Veh'S Same Direction: Left Rear,Rear-end,0,1,0,1,2,1,1,0,0,0,0,0,0.001206,0
479,Polygon,1,479,2,Caboolture - Bribie Island Rd,77169,Hospitalisation,2014,May,Saturday,12,Hit pedestrian,Hit pedestrian,152.98303,-27.0862,Caboolture - Bribie Island Rd,<Null>,Caboolture,Moreton Bay Region,4510,Caboolture,Moreton,Southern,SEQ North,North Coast and Wide Bay/Burnett,Caboolture,Caboolture,Moreton Bay - North,Major Cities,Pumicestone,Longman,State-controlled,Median Opening,No traffic control,60 km/h,Sealed - Dry,Clear,Daylight,Straight,Level,6,Ped'N: Hit Facing Traffic,Pedestrian,0,1,0,0,1,1,0,0,0,0,1,0,0.0012,0
480,Polygon,1,480,2,Chambers Flat Rd,100219,Hospitalisation,2014,June,Thursday,7,Angle,Multi-Vehicle,153.118813,-27.678585,Chambers Flat Rd,<Null>,Waterford West,Logan City,4133,Crestmead,Logan,South Eastern,SEQ South,South Coast,Waterford West,Loganlea - Carbrook,Logan - Beaudesert,Major Cities,Waterford,Forde,Locally-controlled,Median Opening,No traffic control,60 km/h,Sealed - Dry,Clear,Daylight,Straight,Level,207,Veh'S Opposite Approach: U-Turn,U-turn,0,1,0,0,1,2,0,0,0,0,0,0,0.001203,0
481,Polygon,1,481,2,Cleveland Sub-Arterial Rd,105009,Hospitalisation,2014,May,Friday,7,Hit object,Single Vehicle,153.185652,-27.518927,Cleveland Sub-Arterial Rd,Mt Gravatt - Capalaba Rd,Chandler,Brisbane City,4155,Capalaba,South Brisbane,Brisbane,SEQ South,Metropolitan,Belmont - Gumdale,Capalaba,Brisbane - East,Major Cities,Chatsworth,Bonner,State-controlled,Merge Lane,Operating traffic lights,70 km/h,Sealed - Wet,Clear,Daylight,Curved - view open,Level,703,Off Path-Straight: Left Off Cway Hit Obj,Off carriageway on straight hit object,0,1,0,0,1,1,0,0,0,0,0,0,0.001202,0
482,Polygon,1,482,2,Compton Rd,2457,Hospitalisation,2014,January,Tuesday,20,Hit object,Single Vehicle,153.076186,-27.612689,Compton Rd,<Null>,Stretton,Brisbane City,4116,Calamvale,South Brisbane,Brisbane,SEQ South,Metropolitan,Calamvale - Stretton,Rocklea - Acacia Ridge,Brisbane - South,Major Cities,Stretton,Rankin,Locally-controlled,Median Opening,No traffic control,60 km/h,Sealed - Wet,Clear,Darkness - Lighted,Curved - view open,Crest,808,Off Path-Curve: Mounts Traffic Island,Off carriageway on curve hit object,0,1,0,0,1,1,0,0,0,0,0,0,0.001203,0
483,Polygon,1,483,2,Creek Rd,24209,Hospitalisation,2014,June,Friday,12,Angle,Multi-Vehicle,153.095363,-27.527682,Creek Rd,<Null>,Mount Gravatt East,Brisbane City,4122,Holland Park,South Brisbane,Brisbane,SEQ South,Metropolitan,Mansfield (qld),Mt Gravatt,Brisbane - South,Major Cities,Mansfield,Bonner,Locally-controlled,Median Opening,No traffic control,60 km/h,Sealed - Dry,Clear,Daylight,Straight,Grade,406,Veh'S Manoeuvring: Leaving Driveway,Vehicle leaving driveway,0,1,0,1,2,1,0,1,0,0,0,0,0.001203,0
484,Polygon,1,484,2,Davies Ck Rd,298351,Hospitalisation,2014,January,Tuesday,12,Hit object,Single Vehicle,145.532302,-16.978115,Davies Ck Rd,Kennedy Hwy,Mareeba,Mareeba Shire,4880,Mareeba,Far North,Northern,Northern,North Queensland,Mareeba,Tablelands (east) - Kuranda,Cairns,Outer Regional,Cook,Kennedy,State-controlled,Median Opening,No traffic control,100 - 110 km/h,Sealed - Wet,Raining,Daylight,Straight,Level,104,Veh'S Adjacent Approach: Thru-Right,Intersection from adjacent approaches,0,1,0,0,1,0,0,1,0,0,0,0,0.001156,0
485,Polygon,1,485,2,Deception Bay Rd,107794,Hospitalisation,2014,May,Wednesday,16,Rear-end,Multi-Vehicle,152.992227,-27.179882,Deception Bay Rd,Tallowood Dr,Deception Bay,Moreton Bay Region,4508,Deception Bay,Moreton,Southern,SEQ North,North Coast and Wide Bay/Burnett,Deception Bay,Narangba - Burpengary,Moreton Bay - North,Major Cities,Bancroft,Petrie,State-controlled,Median Opening,No traffic control,80 - 90 km/h,Sealed - Dry,Clear,Dawn/Dusk,Straight,Level,301,Veh'S Same Direction: Rear End,Rear-end,0,1,0,0,1,2,0,0,0,0,0,0,0.0012,0
486,Polygon,1,486,2,Double Is Pt Beach Rd,219729,Hospitalisation,2014,January,Friday,12,Fall from vehicle,Single Vehicle,153.104811,-26.129279,Double Is Pt Beach Rd,<Null>,Cooloola,Gympie Region,4580,Tin Can Bay,Wide Bay Burnett,Central,Southern,North Coast and Wide Bay/Burnett,Cooloola,Gympie - Cooloola,Wide Bay,Inner Regional,Gympie,Wide Bay,State-controlled,Forestry/National Park Road,No traffic control,0 - 50 km/h,Unsealed - Wet,Clear,Daylight,Straight,Level,705,Off Path-Straight:Out Of Control On Cway,Out of control on straight,0,1,0,0,1,0,1,0,0,0,0,0,0.001195,0
487,Polygon,1,487,2,Esk - Hampton Rd,187742,Hospitalisation,2014,February,Saturday,10,Hit object,Single Vehicle,152.289286,-27.292957,Esk - Hampton Rd,<Null>,Redbank Creek,Somerset Region,4312,Esk,Ipswich,Southern,SEQ North,North Coast and Wide Bay/Burnett,Esk,Ipswich Hinterland,Ipswich,Inner Regional,Nanango,Blair,State-controlled,Forestry/National Park Road,No traffic control,100 - 110 km/h,Sealed - Dry,Clear,Daylight,Curved - view obscured,Grade,803,Off Path-Curve: Off Cway Rt Bend Hit Obj,Off carriageway on curve hit object,0,1,0,0,1,0,1,0,0,0,0,0,0.001201,0