OBJECTID,Shape,Join_Count,TARGET_FID,Crash_Year,Crash_Street,Crash_Ref_Number,Crash_Severity,Crash_Year,Crash_Month,Crash_Day_Of_Week,Crash_Hour,Crash_Nature,Crash_Type,Crash_Longitude_GDA94,Crash_Latitude_GDA94,Crash_Street,Crash_Street_Intersecting,Loc_Suburb,Loc_Local_Government_Area,Loc_Post_Code,Loc_Police_Division,Loc_Police_District,Loc_Police_Region,Loc_Queensland_Transport_Region,Loc_Main_Roads_Region,Loc_ABS_Statistical_Area_2,Loc_ABS_Statistical_Area_3,Loc_ABS_Statistical_Area_4,Loc_ABS_Remoteness,Loc_State_Electorate,Loc_Federal_Electorate,Crash_Controlling_Authority,Crash_Roadway_Feature,Crash_Traffic_Control,Crash_Speed_Limit,Crash_Road_Surface_Condition,Crash_Atmospheric_Condition,Crash_Lighting_Condition,Crash_Road_Horiz_Align,Crash_Road_Vert_Align,Crash_DCA_Code,Crash_DCA_Description,Crash_DCA_Group_Description,Count_Casualty_Fatality,Count_Casualty_Hospitalised,Count_Casualty_MedicallyTreated,Count_Casualty_MinorInjury,Count_Casualty_Total,Count_Unit_Car,Count_Unit_Motorcycle_Moped,Count_Unit_Truck,Count_Unit_Bus,Count_Unit_Bicycle,Count_Unit_Pedestrian,Count_Unit_Other,Shape_Length,Shape_Area
531,Polygon,1,531,2,East St,252974,Hospitalisation,2015,September,Wednesday,10,Hit parked vehicle,Single Vehicle,150.514385,-23.379581,East St,<Null>,Rockhampton City,Rockhampton Region,4700,Rockhampton,Capricornia,Central,Central,Central Queensland,Rockhampton City,Rockhampton,Central Queensland,Inner Regional,Rockhampton,Capricornia,Locally-controlled,Median Opening,No traffic control,0 - 50 km/h,Sealed - Dry,Clear,Daylight,Straight,Level,704,Off Path-Straight:Right Off Cway Hit Obj,Off carriageway on straight hit object,0,2,0,0,2,3,0,0,0,0,0,0,0.001181,0
532,Polygon,1,532,2,Foster Rd,294472,Hospitalisation,2015,October,Sunday,12,Hit object,Single Vehicle,145.7387,-16.98717,Foster Rd,<Null>,Mount Sheridan,Cairns Region,4868,Edmonton,Far North,Northern,Northern,North Queensland,Mount Sheridan,Cairns - South,Cairns,Outer Regional,Mulgrave,Leichhardt,Locally-controlled,Median Opening,No traffic control,60 km/h,Sealed - Dry,Clear,Daylight,Straight,Grade,704,Off Path-Straight:Right Off Cway Hit Obj,Off carriageway on straight hit object,0,1,0,0,1,1,0,0,0,0,0,0,0.001156,0
533,Polygon,1,533,2,Gateway Arterial Rd,122666,Hospitalisation,2015,July,Wednesday,18,Rear-end,Multi-Vehicle,153.075323,-27.40794,Gateway Arterial Rd,<Null>,Nundah,Brisbane City,4012,Hendra,North Brisbane,Brisbane,SEQ North,Metropolitan,Hendra,Brisbane Inner - North,Brisbane Inner City,Major Cities,Nudgee,Brisbane,State-controlled,Merge Lane,No traffic control,80 - 90 km/h,Sealed - Dry,Clear,Darkness - Lighted,Curved - view open,Level,301,Veh'S Same Direction: Rear End,Rear-end,0,1,0,0,1,1,1,0,0,0,0,0,0.001202,0
534,Polygon,1,534,2,Gympie Arterial Rd,64996,Hospitalisation,2015,March,Tuesday,7,Angle,Multi-Vehicle,153.021695,-27.372261,Gympie Arterial Rd,<Null>,Aspley,Brisbane City,4034,Carseldine,North Brisbane,Brisbane,SEQ North,Metropolitan,Aspley,Chermside,Brisbane - North,Major Cities,Aspley,Lilley,State-controlled,Merge Lane,No traffic control,70 km/h,Sealed - Dry,Clear,Daylight,Straight,Grade,301,Veh'S Same Direction: Rear End,Rear-end,0,1,1,0,2,2,0,0,0,0,0,0,0.001202,0
535,Polygon,1,535,2,Hoare St,291669,Hospitalisation,2015,May,Tuesday,8,Angle,Multi-Vehicle,145.752395,-16.923949,Hoare St,<Null>,Manunda,Cairns Region,4870,Cairns,Far North,Northern,Northern,North Queensland,Manunda,Cairns - South,Cairns,Outer Regional,Cairns,Leichhardt,Locally-controlled,Median Opening,Pedestrian operated lights,60 km/h,Sealed - Dry,Clear,Daylight,Straight,Level,408,Veh'S Manoeuvring: Entering From Footway,Vehicle leaving driveway,0,1,0,0,1,1,0,0,0,1,0,0,0.001156,0
536,Polygon,1,536,2,Hope Island Rd,179724,Hospitalisation,2015,January,Friday,12,Angle,Multi-Vehicle,153.388254,-27.911081,Hope Island Rd,<Null>,Runaway Bay,Gold Coast City,4216,Runaway Bay,Gold Coast,South Eastern,SEQ South,South Coast,Runaway Bay,Gold Coast - North,Gold Coast,Major Cities,Broadwater,Fadden,State-controlled,Median Opening,No traffic control,60 km/h,Sealed - Dry,Clear,Daylight,Straight,Level,207,Veh'S Opposite Approach: U-Turn,U-turn,0,1,0,0,1,1,1,0,0,0,0,0,0.001205,0
537,Polygon,1,537,2,Kirrama Range Rd,303483,Hospitalisation,2015,August,Tuesday,9,Fall from vehicle,Single Vehicle,145.706341,-18.17254,Kirrama Range Rd,<Null>,Murray Upper,Cassowary Coast Region,4854,Tully,Far North,Northern,Northern,North Queensland,Tully,Innisfail - Cassowary Coast,Cairns,Remote,Hinchinbrook,Kennedy,Locally-controlled,Forestry/National Park Road,No traffic control,100 - 110 km/h,Unsealed - Dry,Clear,Daylight,Curved - view open,Grade,805,Off Path-Curve: Out Of Control On Cway,Out of control on curve,0,1,0,0,1,0,1,0,0,0,0,0,0.00116,0
538,Polygon,1,538,2,Mount Glorious Rd,151488,Hospitalisation,2015,August,Monday,11,Fall from vehicle,Single Vehicle,152.698255,-27.304917,Mount Glorious Rd,<Null>,Dundas,Somerset Region,4306,Lowood,Ipswich,Southern,SEQ North,North Coast and Wide Bay/Burnett,Esk,Ipswich Hinterland,Ipswich,Inner Regional,Nanango,Blair,State-controlled,Forestry/National Park Road,No traffic control,80 - 90 km/h,Sealed - Dry,Clear,Daylight,Curved - view open,Dip,805,Off Path-Curve: Out Of Control On Cway,Out of control on curve,0,1,0,0,1,0,1,0,0,0,0,0,0.001201,0
539,Polygon,1,539,2,Mulgrave Rd,291641,Hospitalisation,2015,April,Tuesday,10,Sideswipe,Multi-Vehicle,145.750247,-16.936941,Mulgrave Rd,<Null>,Bungalow,Cairns Region,4870,Cairns,Far North,Northern,Northern,North Queensland,Westcourt - Bungalow,Cairns - South,Cairns,Outer Regional,Cairns,Leichhardt,State-controlled,Merge Lane,No traffic control,60 km/h,Sealed - Dry,Clear,Daylight,Straight,Level,307,Veh'S Same Direction: Lane Change Left,Lane changes,0,1,0,0,1,1,1,0,0,0,0,0,0.001156,0
540,Polygon,4,540,2,Nambour Connection Rd,160100,Hospitalisation,2015,March,Tuesday,15,Angle,Multi-Vehicle,152.963039,-26.641162,Nambour Connection Rd,<Null>,Nambour,Sunshine Coast Region,4560,Nambour,Sunshine Coast,Central,SEQ North,North Coast and Wide Bay/Burnett,Nambour,Nambour,Sunshine Coast,Major Cities,Nicklin,Fairfax,State-controlled,Median Opening,No traffic control,80 - 90 km/h,Sealed - Dry,Clear,Daylight,Curved - view open,Grade,104,Veh'S Adjacent Approach: Thru-Right,Intersection from adjacent approaches,0,1,1,0,2,1,1,0,0,0,0,0,0.001322,0
541,Polygon,1,541,2,Peninsula Developmental Rd,297257,Hospitalisation,2015,September,Friday,8,Fall from vehicle,Single Vehicle,144.23578,-15.46391,Peninsula Developmental Rd,<Null>,Laura,Cook Shire,4892,Laura,Far North,Northern,Northern,North Queensland,Cape York,Far North,Queensland - Outback,Very Remote,Cook,Leichhardt,State-controlled,Forestry/National Park Road,No traffic control,100 - 110 km/h,Unsealed - Dry,Clear,Daylight,Straight,Grade,705,Off Path-Straight:Out Of Control On Cway,Out of control on straight,0,1,0,0,1,0,1,0,0,0,0,0,0.001152,0
542,Polygon,1,542,2,Scottsdale Dr,138529,Hospitalisation,2015,March,Tuesday,11,Angle,Multi-Vehicle,153.390761,-28.081449,Scottsdale Dr,<Null>,Robina,Gold Coast City,4226,Robina,Gold Coast,South Eastern,SEQ South,South Coast,Robina,Robina,Gold Coast,Major Cities,Mermaid Beach,Mcpherson,Locally-controlled,Median Opening,No traffic control,60 km/h,Sealed - Dry,Clear,Daylight,Straight,Level,202,Veh'S Opposite Approach: Thru-Right,Opposing vehicles turning,0,2,1,0,3,2,0,0,0,0,0,0,0.001206,0
543,Polygon,2,543,2,Seventy Five Mile Beach Rd,309412,Hospitalisation,2015,May,Friday,16,Overturned,Single Vehicle,153.282227,-25.17444,Seventy Five Mile Beach Rd,<Null>,Fraser Island,Fraser Coast Region,4581,Fraser Island,Wide Bay Burnett,Central,Southern,North Coast and Wide Bay/Burnett,Burrum - Fraser,Maryborough,Wide Bay,Remote,Hervey Bay,Wide Bay,Locally-controlled,Forestry/National Park Road,No traffic control,80 - 90 km/h,Unsealed - Wet,Clear,Daylight,Straight,Level,705,Off Path-Straight:Out Of Control On Cway,Out of control on straight,0,1,0,0,1,1,0,0,0,0,0,0,0.00119,0
544,Polygon,1,544,2,Smiths Rd,132370,Hospitalisation,2015,May,Monday,10,Rear-end,Multi-Vehicle,152.897493,-27.609348,Smiths Rd,<Null>,Goodna,Ipswich City,4300,Goodna,Ipswich,Southern,SEQ South,Metropolitan,Goodna,Springfield - Redbank,Ipswich,Major Cities,Bundamba,Oxley,Locally-controlled,Median Opening,No traffic control,60 km/h,Sealed - Dry,Clear,Daylight,Straight,Level,304,Veh'S Same Direction: U-Turn,U-turn,0,1,0,0,1,2,0,0,0,0,0,0,0.001203,0
545,Polygon,2,545,2,South East Arterial Rd,24323,Hospitalisation,2015,August,Saturday,17,Hit object,Single Vehicle,153.054768,-27.52337,South East Arterial Rd,<Null>,Holland Park West,Brisbane City,4121,Holland Park,South Brisbane,Brisbane,SEQ South,Metropolitan,Holland Park West,Holland Park - Yeronga,Brisbane - South,Major Cities,Greenslopes,Griffith,State-controlled,Merge Lane,No traffic control,100 - 110 km/h,Sealed - Wet,Raining,Darkness - Lighted,Straight,Level,300,Veh'S Same Direction: Other,Other,0,1,0,0,1,3,0,0,0,0,0,0,0.002405,0
546,Polygon,1,546,2,Southport - Burleigh Rd,138506,Hospitalisation,2015,February,Thursday,12,Hit object,Single Vehicle,153.407658,-28.041682,Southport - Burleigh Rd,<Null>,Mermaid Waters,Gold Coast City,4218,Broadbeach,Gold Coast,South Eastern,SEQ South,South Coast,Mermaid Waters,Broadbeach - Burleigh,Gold Coast,Major Cities,Mermaid Beach,Moncrieff,State-controlled,Merge Lane,No traffic control,80 - 90 km/h,Sealed - Dry,Clear,Daylight,Straight,Level,703,Off Path-Straight: Left Off Cway Hit Obj,Off carriageway on straight hit object,0,1,1,0,2,2,0,0,0,0,0,0,0.001206,0
547,Polygon,2,547,2,Sunny Park Shopping Centre Accs,48722,Hospitalisation,2015,July,Wednesday,17,Angle,Multi-Vehicle,153.066102,-27.572232,Mccullough St,<Null>,Sunnybank,Brisbane City,4109,Upper Mount Gravatt,South Brisbane,Brisbane,SEQ South,Metropolitan,Sunnybank,Sunnybank,Brisbane - South,Major Cities,Toohey,Moreton,Locally-controlled,Median Opening,Operating traffic lights,60 km/h,Sealed - Dry,Clear,Darkness - Lighted,Straight,Level,406,Veh'S Manoeuvring: Leaving Driveway,Vehicle leaving driveway,0,1,0,0,1,2,0,0,0,0,0,0,0.001203,0
548,Polygon,1,548,2,Telegraph Rd,65123,Hospitalisation,2015,September,Tuesday,6,Sideswipe,Multi-Vehicle,153.0265,-27.331235,Telegraph Rd,<Null>,Fitzgibbon,Brisbane City,4018,Sandgate,North Brisbane,Brisbane,SEQ North,Metropolitan,Taigum - Fitzgibbon,Sandgate,Brisbane - North,Major Cities,Sandgate,Petrie,Locally-controlled,Median Opening,No traffic control,60 km/h,Sealed - Dry,Clear,Daylight,Straight,Level,306,Veh'S Same Direction: Lane Change Right,Lane changes,0,1,0,0,1,1,1,0,0,0,0,0,0.001201,0
549,Polygon,1,549,2,Townsville Port Rd,283141,Hospitalisation,2015,January,Wednesday,6,Sideswipe,Multi-Vehicle,146.83513,-19.266041,Townsville Port Rd,<Null>,South Townsville,Townsville City,4810,Townsville,Townsville,Northern,Northern,North Queensland,South Townsville - Railway Estate,Townsville,Townsville,Outer Regional,Townsville,Herbert,State-controlled,Merge Lane,No traffic control,60 km/h,Sealed - Dry,Clear,Daylight,Curved - view open,Level,408,Veh'S Manoeuvring: Entering From Footway,Vehicle leaving driveway,0,1,0,0,1,1,1,0,0,0,0,0,0.001164,0
550,Polygon,5,550,2,Unnamed Forestry Rd,178216,Hospitalisation,2015,May,Saturday,11,Head-on,Multi-Vehicle,152.842246,-26.991201,Unnamed Forestry Rd,<Null>,Bracalba,Moreton Bay Region,4512,Woodford,Moreton,Southern,SEQ North,North Coast and Wide Bay/Burnett,Woodford - Daguilar,Caboolture Hinterland,Moreton Bay - North,Inner Regional,Glass House,Longman,Locally-controlled,Forestry/National Park Road,No traffic control,0 - 50 km/h,Unsealed - Dry,Clear,Daylight,Curved - view obscured,Level,201,Veh'S Opposite Approach: Head On,Head-on,0,1,0,0,1,0,1,0,0,0,0,1,0.005946,0.000001
551,Polygon,1,551,2,Watts Rd,237666,Hospitalisation,2015,January,Friday,15,Hit object,Single Vehicle,152.146522,-28.337665,Watts Rd,<Null>,Loch Lomond,Southern Downs Region,4370,Killarney,Darling Downs,Southern,Southern,Downs South West,Southern Downs - East,Granite Belt,Darling Downs - Maranoa,Inner Regional,Southern Downs,Maranoa,Locally-controlled,Forestry/National Park Road,No traffic control,100 - 110 km/h,Unsealed - Dry,Clear,Daylight,Straight,Grade,607,Veh'S On Path: Temporary Object On C'Way,Other,0,2,0,0,2,0,1,0,0,0,0,0,0.001207,0
552,Polygon,1,552,2,Western Yeppoon - Byfield Rd,255117,Hospitalisation,2015,April,Saturday,7,Hit object,Single Vehicle,150.679569,-22.881265,Western Yeppoon - Byfield Rd,<Null>,Byfield,Livingstone Shire,4703,Yeppoon,Capricornia,Central,Central,Central Queensland,Rockhampton Region - North,Rockhampton,Central Queensland,Outer Regional,Keppel,Capricornia,State-controlled,Forestry/National Park Road,No traffic control,100 - 110 km/h,Sealed - Dry,Clear,Daylight,Curved - view obscured,Level,607,Veh'S On Path: Temporary Object On C'Way,Other,0,1,0,0,1,0,1,0,0,0,0,0,0.001179,0
553,Polygon,1,553,2,Airport Link On Ramp,122835,Hospitalisation,2016,February,Wednesday,9,Sideswipe,Multi-Vehicle,153.034158,-27.412851,Airport Link On Ramp,<Null>,Gordon Park,Brisbane City,4031,Hendra,North Brisbane,Brisbane,SEQ North,Metropolitan,Kedron - Gordon Park,Chermside,Brisbane - North,Major Cities,Stafford,Lilley,State-controlled,Merge Lane,No traffic control,60 km/h,Sealed - Dry,Clear,Darkness - Lighted,Straight,Level,307,Veh'S Same Direction: Lane Change Left,Lane changes,0,1,0,0,1,1,0,1,0,0,0,0,0.001202,0
554,Polygon,1,554,2,Anzac Ave,85732,Hospitalisation,2016,April,Friday,17,Angle,Multi-Vehicle,153.025063,-27.241413,Anzac Ave,Redcliffe Rd,Mango Hill,Moreton Bay Region,4509,Mango Hill North Lakes,North Brisbane,Brisbane,SEQ North,North Coast and Wide Bay/Burnett,North Lakes - Mango Hill,North Lakes,Moreton Bay - South,Major Cities,Bancroft,Petrie,State-controlled,Median Opening,No traffic control,80 - 90 km/h,Sealed - Dry,Clear,Darkness - Not lighted,Straight,Crest,207,Veh'S Opposite Approach: U-Turn,U-turn,0,1,0,0,1,1,1,0,0,0,0,0,0.001201,0
555,Polygon,1,555,2,Ayr - Ravenswood Rd,319933,Hospitalisation,2016,January,Wednesday,11,Hit animal,Other,147.046014,-19.9364,Ayr - Ravenswood Rd,<Null>,Mulgrave,Burdekin Shire,4807,Clare,Townsville,Northern,Northern,North Queensland,Burdekin,Charters Towers - Ayr - Ingham,Townsville,Remote,Burdekin,Kennedy,State-controlled,Forestry/National Park Road,No traffic control,100 - 110 km/h,Unsealed - Dry,Clear,Daylight,Curved - view obscured,Dip,609,Pass & Misc: Hit Animal,Hit animal,0,1,0,0,1,1,0,0,0,0,0,0,0.001166,0
556,Polygon,1,556,2,Bishop Dr,59597,Hospitalisation,2016,March,Thursday,16,Fall from vehicle,Single Vehicle,153.180544,-27.368985,Bishop Dr,<Null>,Port Of Brisbane,Brisbane City,4178,Wynnum,South Brisbane,Brisbane,SEQ South,Metropolitan,Brisbane Port - Lytton,Wynnum - Manly,Brisbane - East,Major Cities,Lytton,Bonner,Locally-controlled,Median Opening,No traffic control,0 - 50 km/h,Sealed - Dry,Clear,Daylight,Straight,Level,705,Off Path-Straight:Out Of Control On Cway,Out of control on straight,0,1,0,0,1,0,1,1,0,0,0,0,0.001202,0
557,Polygon,1,557,2,Buaraba Creek Rd,187827,Hospitalisation,2016,October,Wednesday,15,Hit object,Single Vehicle,152.302018,-27.35213,Buaraba Creek Rd,<Null>,Buaraba,Somerset Region,4311,Esk,Ipswich,Southern,SEQ North,North Coast and Wide Bay/Burnett,Esk,Ipswich Hinterland,Ipswich,Inner Regional,Nanango,Blair,Locally-controlled,Forestry/National Park Road,No traffic control,100 - 110 km/h,Sealed - Dry,Clear,Daylight,Curved - view open,Level,804,Off Path-Curve: Off Cway Lt Bend Hit Obj,Off carriageway on curve hit object,0,1,0,0,1,1,0,0,0,0,0,0,0.001201,0
558,Polygon,3,558,2,Caloundra Rd,140408,Hospitalisation,2016,July,Tuesday,17,Angle,Multi-Vehicle,153.121735,-26.804107,Caloundra Rd,<Null>,Caloundra,Sunshine Coast Region,4551,Caloundra,Sunshine Coast,Central,SEQ North,North Coast and Wide Bay/Burnett,Caloundra - Kings Beach,Caloundra,Sunshine Coast,Major Cities,Caloundra,Fisher,State-controlled,Median Opening,Operating traffic lights,60 km/h,Sealed - Dry,Clear,Daylight,Curved - view open,Grade,202,Veh'S Opposite Approach: Thru-Right,Opposing vehicles turning,0,1,0,0,1,2,0,0,0,0,0,0,0.001198,0
559,Polygon,1,559,2,Cavendish Rd,24381,Hospitalisation,2016,April,Friday,18,Sideswipe,Multi-Vehicle,153.072621,-27.514357,Cavendish Rd,<Null>,Coorparoo,Brisbane City,4151,Coorparoo,South Brisbane,Brisbane,SEQ South,Metropolitan,Holland Park,Holland Park - Yeronga,Brisbane - South,Major Cities,Greenslopes,Griffith,Locally-controlled,Merge Lane,No traffic control,60 km/h,Sealed - Dry,Clear,Darkness - Lighted,Straight,Level,308,Veh'S Same Direction: Right Turn S/Swipe,Parallel lanes turning,0,1,0,0,1,1,1,0,0,0,0,0,0.001202,0
560,Polygon,1,560,2,Erbacher Rd,160478,Hospitalisation,2016,November,Wednesday,8,Rear-end,Multi-Vehicle,152.962718,-26.638486,Erbacher Rd,Nambour Connection Rd,Nambour,Sunshine Coast Region,4560,Nambour,Sunshine Coast,Central,SEQ North,North Coast and Wide Bay/Burnett,Nambour,Nambour,Sunshine Coast,Major Cities,Nicklin,Fairfax,State-controlled,Merge Lane,Give way sign,0 - 50 km/h,Sealed - Dry,Clear,Daylight,Straight,Grade,302,Veh'S Same Direction: Left Rear,Rear-end,0,1,0,0,1,2,0,0,0,0,0,0,0.001197,0
561,Polygon,3,561,2,Gateway Arterial Rd,105426,Hospitalisation,2016,July,Thursday,8,Sideswipe,Multi-Vehicle,153.125399,-27.508599,Gateway Arterial Rd,<Null>,Belmont,Brisbane City,4153,Capalaba,South Brisbane,Brisbane,SEQ South,Metropolitan,Belmont - Gumdale,Capalaba,Brisbane - East,Major Cities,Chatsworth,Bonner,State-controlled,Merge Lane,No traffic control,100 - 110 km/h,Sealed - Dry,Clear,Daylight,Straight,Level,307,Veh'S Same Direction: Lane Change Left,Lane changes,0,1,0,0,1,1,0,1,0,0,0,0,0.003606,0
562,Polygon,1,562,2,Glory St,6835,Hospitalisation,2016,October,Friday,15,Rear-end,Multi-Vehicle,152.978294,-27.44822,Glory St,<Null>,Ashgrove,Brisbane City,4060,The Gap,North Brisbane,Brisbane,SEQ North,Metropolitan,Ashgrove,Brisbane Inner - West,Brisbane Inner City,Major Cities,Cooper,Brisbane,Locally-controlled,Merge Lane,No traffic control,60 km/h,Sealed - Dry,Clear,Daylight,Straight,Level,301,Veh'S Same Direction: Rear End,Rear-end,0,1,0,0,1,1,1,0,0,0,0,0,0.001202,0
563,Polygon,1,563,2,Greencamp Rd,59698,Hospitalisation,2016,November,Wednesday,19,Hit object,Single Vehicle,153.165633,-27.477599,Greencamp Rd,<Null>,Wakerley,Brisbane City,4154,Wynnum,South Brisbane,Brisbane,SEQ South,Metropolitan,Wakerley,Wynnum - Manly,Brisbane - East,Major Cities,Chatsworth,Bonner,Locally-controlled,Merge Lane,No traffic control,70 km/h,Sealed - Dry,Clear,Darkness - Lighted,Curved - view obscured,Dip,803,Off Path-Curve: Off Cway Rt Bend Hit Obj,Off carriageway on curve hit object,0,1,0,0,1,1,0,0,0,0,0,0,0.001202,0
564,Polygon,1,564,2,Greensdale Rd,209842,Hospitalisation,2016,May,Sunday,14,Hit object,Single Vehicle,152.547941,-26.13421,Greensdale Rd,<Null>,Bells Bridge,Gympie Region,4570,Gympie,Wide Bay Burnett,Central,Southern,North Coast and Wide Bay/Burnett,Gympie Region,Gympie - Cooloola,Wide Bay,Inner Regional,Gympie,Wide Bay,Locally-controlled,Forestry/National Park Road,No traffic control,0 - 50 km/h,Unsealed - Dry,Clear,Daylight,Curved - view obscured,Dip,805,Off Path-Curve: Out Of Control On Cway,Out of control on curve,0,2,0,0,2,1,0,0,0,0,0,0,0.001195,0
565,Polygon,1,565,2,Hinkler Dr,164422,Hospitalisation,2016,April,Sunday,11,Angle,Multi-Vehicle,153.34168,-28.006781,Hinkler Dr,<Null>,Nerang,Gold Coast City,4211,Nerang,Gold Coast,South Eastern,SEQ South,South Coast,Highland Park,Nerang,Gold Coast,Major Cities,Gaven,Moncrieff,Locally-controlled,Median Opening,No traffic control,60 km/h,Sealed - Dry,Clear,Daylight,Straight,Level,202,Veh'S Opposite Approach: Thru-Right,Opposing vehicles turning,0,1,0,0,1,1,1,0,0,0,0,0,0.001205,0
566,Polygon,1,566,2,Inner City Bypass,21628,Hospitalisation,2016,March,Tuesday,19,Rear-end,Multi-Vehicle,153.031137,-27.447902,Inner City Bypass,<Null>,Bowen Hills,Brisbane City,4006,Fortitude Valley,North Brisbane,Brisbane,SEQ North,Metropolitan,Newstead - Bowen Hills,Brisbane Inner - North,Brisbane Inner City,Major Cities,Mcconnel,Brisbane,Locally-controlled,Merge Lane,No traffic control,70 km/h,Sealed - Dry,Clear,Darkness - Lighted,Curved - view open,Level,301,Veh'S Same Direction: Rear End,Rear-end,0,1,0,0,1,4,1,1,0,0,0,0,0.001202,0
567,Polygon,1,567,2,Lake Morris Rd,291939,Hospitalisation,2016,November,Sunday,9,Head-on,Multi-Vehicle,145.718087,-16.919057,Lake Morris Rd,<Null>,Kanimbla,Cairns Region,4870,Cairns,Far North,Northern,Northern,North Queensland,Kanimbla - Mooroobool,Cairns - South,Cairns,Outer Regional,Cairns,Leichhardt,Locally-controlled,Forestry/National Park Road,No traffic control,60 km/h,Sealed - Dry,Clear,Daylight,Curved - view obscured,Grade,201,Veh'S Opposite Approach: Head On,Head-on,0,1,0,0,1,1,0,0,0,1,0,0,0.001156,0
568,Polygon,1,568,2,Lakefield Rd,297266,Hospitalisation,2016,October,Sunday,16,Hit object,Single Vehicle,144.342548,-15.170486,Lakefield Rd,<Null>,Lakefield,Cook Shire,4892,Laura,Far North,Northern,Northern,North Queensland,Cape York,Far North,Queensland - Outback,Very Remote,Cook,Leichhardt,Locally-controlled,Forestry/National Park Road,No traffic control,80 - 90 km/h,Unsealed - Dry,Clear,Daylight,Straight,Grade,703,Off Path-Straight: Left Off Cway Hit Obj,Off carriageway on straight hit object,0,1,0,3,4,1,0,0,0,0,0,0,0.001151,0
569,Polygon,1,569,2,Maryborough - Hervey Bay Rd,212907,Hospitalisation,2016,November,Saturday,22,Hit object,Single Vehicle,152.814619,-25.28877,Maryborough - Hervey Bay Rd,<Null>,Eli Waters,Fraser Coast Region,4655,Hervey Bay,Wide Bay Burnett,Central,Southern,North Coast and Wide Bay/Burnett,Pialba - Eli Waters,Hervey Bay,Wide Bay,Inner Regional,Hervey Bay,Hinkler,State-controlled,Merge Lane,No traffic control,60 km/h,Sealed - Wet,Raining,Darkness - Lighted,Straight,Grade,703,Off Path-Straight: Left Off Cway Hit Obj,Off carriageway on straight hit object,0,1,0,0,1,1,0,0,0,0,0,0,0.00119,0
570,Polygon,2,570,2,Moggill Sub-Arterial Rd,32043,Hospitalisation,2016,February,Sunday,15,Angle,Multi-Vehicle,152.949346,-27.507218,Moggill Sub-Arterial Rd,<Null>,Kenmore,Brisbane City,4069,Indooroopilly,North Brisbane,Brisbane,SEQ North,Metropolitan,Kenmore,Kenmore - Brookfield - Moggill,Brisbane - West,Major Cities,Moggill,Ryan,State-controlled,Median Opening,Operating traffic lights,60 km/h,Sealed - Dry,Clear,Daylight,Curved - view open,Level,202,Veh'S Opposite Approach: Thru-Right,Opposing vehicles turning,0,1,0,0,1,2,0,0,0,0,0,0,0.001202,0
571,Polygon,1,571,2,Mt Baldy Ridge Rd,295751,Hospitalisation,2016,December,Friday,1,Hit object,Single Vehicle,145.414334,-17.339727,Mt Baldy Ridge Rd,<Null>,Moomin,Tablelands Region,4887,Herberton,Far North,Northern,Northern,North Queensland,Herberton,Tablelands (east) - Kuranda,Cairns,Outer Regional,Hill,Kennedy,Locally-controlled,Forestry/National Park Road,No traffic control,100 - 110 km/h,Unsealed - Dry,Clear,Darkness - Not lighted,Curved - view obscured,Crest,803,Off Path-Curve: Off Cway Rt Bend Hit Obj,Off carriageway on curve hit object,0,2,0,0,2,1,0,0,0,0,0,0,0.001157,0
572,Polygon,1,572,2,Mt Lindesay Art. Rd,309040,Hospitalisation,2016,March,Wednesday,14,Angle,Multi-Vehicle,153.042234,-27.645367,Mt Lindesay Art. Rd,<Null>,Drewvale,Brisbane City,4116,Calamvale,South Brisbane,Brisbane,SEQ South,Metropolitan,Parkinson - Drewvale,Rocklea - Acacia Ridge,Brisbane - South,Major Cities,Stretton,Rankin,State-controlled,Median Opening,No traffic control,80 - 90 km/h,Sealed - Wet,Raining,Daylight,Straight,Level,207,Veh'S Opposite Approach: U-Turn,U-turn,0,3,0,0,3,2,0,0,0,0,0,0,0.001203,0
573,Polygon,2,573,2,Nambour Connection Rd,166773,Hospitalisation,2016,October,Sunday,15,Sideswipe,Multi-Vehicle,152.990148,-26.672938,Nambour Connection Rd,<Null>,Woombye,Sunshine Coast Region,4559,Nambour,Sunshine Coast,Central,SEQ North,North Coast and Wide Bay/Burnett,Nambour,Nambour,Sunshine Coast,Major Cities,Nicklin,Fairfax,State-controlled,Median Opening,No traffic control,80 - 90 km/h,Sealed - Dry,Clear,Daylight,Straight,Level,308,Veh'S Same Direction: Right Turn S/Swipe,Parallel lanes turning,0,2,0,0,2,2,0,0,0,0,0,0,0.001198,0
574,Polygon,1,574,2,Pilkington St,283338,Hospitalisation,2016,July,Thursday,12,Angle,Multi-Vehicle,146.767989,-19.264579,Pilkington St,<Null>,Garbutt,Townsville City,4814,Townsville,Townsville,Northern,Northern,North Queensland,Garbutt - West End,Townsville,Townsville,Outer Regional,Townsville,Herbert,Locally-controlled,Median Opening,No traffic control,60 km/h,Sealed - Dry,Clear,Daylight,Straight,Level,408,Veh'S Manoeuvring: Entering From Footway,Vehicle leaving driveway,0,1,0,0,1,1,1,0,0,0,0,0,0.001164,0