OBJECTID,Shape,Join_Count,TARGET_FID,Crash_Year,Crash_Street,Crash_Ref_Number,Crash_Severity,Crash_Year,Crash_Month,Crash_Day_Of_Week,Crash_Hour,Crash_Nature,Crash_Type,Crash_Longitude_GDA94,Crash_Latitude_GDA94,Crash_Street,Crash_Street_Intersecting,Loc_Suburb,Loc_Local_Government_Area,Loc_Post_Code,Loc_Police_Division,Loc_Police_District,Loc_Police_Region,Loc_Queensland_Transport_Region,Loc_Main_Roads_Region,Loc_ABS_Statistical_Area_2,Loc_ABS_Statistical_Area_3,Loc_ABS_Statistical_Area_4,Loc_ABS_Remoteness,Loc_State_Electorate,Loc_Federal_Electorate,Crash_Controlling_Authority,Crash_Roadway_Feature,Crash_Traffic_Control,Crash_Speed_Limit,Crash_Road_Surface_Condition,Crash_Atmospheric_Condition,Crash_Lighting_Condition,Crash_Road_Horiz_Align,Crash_Road_Vert_Align,Crash_DCA_Code,Crash_DCA_Description,Crash_DCA_Group_Description,Count_Casualty_Fatality,Count_Casualty_Hospitalised,Count_Casualty_MedicallyTreated,Count_Casualty_MinorInjury,Count_Casualty_Total,Count_Unit_Car,Count_Unit_Motorcycle_Moped,Count_Unit_Truck,Count_Unit_Bus,Count_Unit_Bicycle,Count_Unit_Pedestrian,Count_Unit_Other,Shape_Length,Shape_Area
575,Polygon,1,575,2,Samford Rd,127887,Hospitalisation,2016,February,Monday,7,Rear-end,Multi-Vehicle,152.917017,-27.393064,Samford Rd,<Null>,Ferny Hills,Moreton Bay Region,4055,Ferny Grove,North Brisbane,Brisbane,SEQ North,North Coast and Wide Bay/Burnett,The Hills District,The Hills District,Moreton Bay - South,Major Cities,Ferny Grove,Dickson,State-controlled,Merge Lane,No traffic control,70 km/h,Sealed - Dry,Clear,Daylight,Straight,Grade,301,Veh'S Same Direction: Rear End,Rear-end,0,1,1,0,2,5,0,0,0,0,0,0,0.001202,0
576,Polygon,3,576,2,Seventy Five Mile Beach Rd,309412,Hospitalisation,2016,May,Friday,16,Overturned,Single Vehicle,153.282227,-25.17444,Seventy Five Mile Beach Rd,<Null>,Fraser Island,Fraser Coast Region,4581,Fraser Island,Wide Bay Burnett,Central,Southern,North Coast and Wide Bay/Burnett,Burrum - Fraser,Maryborough,Wide Bay,Remote,Hervey Bay,Wide Bay,Locally-controlled,Forestry/National Park Road,No traffic control,80 - 90 km/h,Unsealed - Wet,Clear,Daylight,Straight,Level,705,Off Path-Straight:Out Of Control On Cway,Out of control on straight,0,1,0,0,1,1,0,0,0,0,0,0,0.00238,0
577,Polygon,1,577,2,Sugarbag Rd,140919,Hospitalisation,2016,May,Wednesday,15,Angle,Multi-Vehicle,153.114387,-26.785754,Sugarbag Rd,<Null>,Caloundra West,Sunshine Coast Region,4551,Caloundra,Sunshine Coast,Central,SEQ North,North Coast and Wide Bay/Burnett,Caloundra - West,Caloundra,Sunshine Coast,Major Cities,Kawana,Fisher,Locally-controlled,Median Opening,No traffic control,60 km/h,Sealed - Dry,Clear,Daylight,Curved - view obscured,Crest,408,Veh'S Manoeuvring: Entering From Footway,Vehicle leaving driveway,0,1,0,0,1,1,0,0,0,0,0,1,0.001198,0
578,Polygon,1,578,2,Telegraph Rd,303792,Hospitalisation,2016,July,Tuesday,9,Hit pedestrian,Hit pedestrian,142.555697,-12.079768,Telegraph Rd,<Null>,Shelburne,Cook Shire,4874,Weipa,Far North,Northern,Northern,North Queensland,Cape York,Far North,Queensland - Outback,Very Remote,Cook,Leichhardt,Locally-controlled,Forestry/National Park Road,No traffic control,0 - 50 km/h,Unsealed - Dry,Clear,Daylight,Straight,Level,906,Pass & Misc: Parked Car Ran Away,Other,0,1,0,0,1,1,0,0,0,0,1,0,0.001144,0
579,Polygon,1,579,2,Upper Stoney Ck Rd,255159,Hospitalisation,2016,May,Saturday,15,Fall from vehicle,Single Vehicle,150.617633,-22.903472,Upper Stoney Ck Rd,<Null>,Byfield,Livingstone Shire,4703,Yeppoon,Capricornia,Central,Central,Central Queensland,Rockhampton Region - North,Rockhampton,Central Queensland,Outer Regional,Keppel,Capricornia,Locally-controlled,Forestry/National Park Road,No traffic control,0 - 50 km/h,Unsealed - Wet,Raining,Daylight,Straight,Level,901,Pass & Misc: Fell In/From Vehicle,Other,0,1,0,0,1,1,0,0,0,0,0,0,0.001179,0
580,Polygon,1,580,2,Yawalpah Rd,147670,Hospitalisation,2016,September,Friday,18,Fall from vehicle,Single Vehicle,153.3041,-27.822035,Yawalpah Rd,<Null>,Pimpama,Gold Coast City,4209,Coomera,Gold Coast,South Eastern,SEQ South,South Coast,Pimpama,Ormeau - Oxenford,Gold Coast,Major Cities,Coomera,Fadden,Locally-controlled,Merge Lane,Police,60 km/h,Sealed - Dry,Clear,Darkness - Lighted,Curved - view open,Grade,805,Off Path-Curve: Out Of Control On Cway,Out of control on curve,0,2,0,0,2,0,1,0,0,0,0,0,0.001204,0
581,Polygon,1,581,2,Beams Rd,65602,Hospitalisation,2017,August,Tuesday,6,Hit pedestrian,Hit pedestrian,153.047519,-27.351416,Beams Rd,<Null>,Zillmere,Brisbane City,4034,Boondall,North Brisbane,Brisbane,SEQ North,Metropolitan,Taigum - Fitzgibbon,Sandgate,Brisbane - North,Major Cities,Sandgate,Lilley,Locally-controlled,Median Opening,No traffic control,60 km/h,Sealed - Dry,Clear,Dawn/Dusk,Straight,Level,1,Ped'N: Near Side Vehicle Hit From Right,Pedestrian,0,1,0,0,1,0,0,0,1,0,1,0,0.001201,0
582,Polygon,1,582,2,Bishop Dr,59792,Hospitalisation,2017,August,Friday,2,Hit object,Single Vehicle,153.178358,-27.368716,Bishop Dr,<Null>,Port Of Brisbane,Brisbane City,4178,Wynnum,South Brisbane,Brisbane,SEQ South,Metropolitan,Brisbane Port - Lytton,Wynnum - Manly,Brisbane - East,Major Cities,Lytton,Bonner,Locally-controlled,Median Opening,No traffic control,60 km/h,Sealed - Dry,Clear,Darkness - Lighted,Straight,Grade,708,Off Path-Straight: Mounts Traffic Island,Off carriageway on straight hit object,0,1,0,0,1,1,0,0,0,0,0,0,0.001202,0
583,Polygon,1,583,2,Brickfield Rd,65561,Hospitalisation,2017,June,Friday,15,Angle,Multi-Vehicle,153.016865,-27.35788,Brickfield Rd,Gympie Arterial Rd,Aspley,Brisbane City,4034,Carseldine,North Brisbane,Brisbane,SEQ North,Metropolitan,Aspley,Chermside,Brisbane - North,Major Cities,Aspley,Petrie,State-controlled,Median Opening,No traffic control,60 km/h,Sealed - Dry,Clear,Daylight,Straight,Level,207,Veh'S Opposite Approach: U-Turn,U-turn,0,1,0,0,1,1,1,0,0,0,0,0,0.001202,0
584,Polygon,1,584,2,Bundaberg Ring Rd,204631,Fatal,2017,May,Saturday,16,Sideswipe,Multi-Vehicle,152.38578,-24.869159,Bundaberg Ring Rd,<Null>,Ashfield,Bundaberg Region,4670,Bundaberg,Wide Bay Burnett,Central,Southern,North Coast and Wide Bay/Burnett,Ashfield - Kepnock,Bundaberg,Wide Bay,Inner Regional,Bundaberg,Hinkler,State-controlled,Merge Lane,No traffic control,80 - 90 km/h,Sealed - Dry,Clear,Daylight,Straight,Level,300,Veh'S Same Direction: Other,Other,1,0,0,0,1,2,0,0,0,0,0,0,0.001188,0
585,Polygon,1,585,2,Byron Ck Rd,187853,Hospitalisation,2017,November,Sunday,10,Head-on,Multi-Vehicle,152.73051,-27.13334,Byron Ck Rd,<Null>,Mount Byron,Somerset Region,4312,Esk,Ipswich,Southern,SEQ North,North Coast and Wide Bay/Burnett,Esk,Ipswich Hinterland,Ipswich,Inner Regional,Nanango,Blair,Locally-controlled,Forestry/National Park Road,No traffic control,0 - 50 km/h,Unsealed - Dry,Clear,Daylight,Curved - view obscured,Grade,201,Veh'S Opposite Approach: Head On,Head-on,0,1,0,0,1,1,1,0,0,0,0,0,0.0012,0
586,Polygon,1,586,2,Charlevue Rd,241912,Hospitalisation,2017,November,Saturday,14,Head-on,Multi-Vehicle,149.120467,-23.736546,Charlevue Rd,<Null>,Dingo,Central Highlands Region,4702,Blackwater,Capricornia,Central,Central,Central Queensland,Central Highlands - East,Central Highlands (qld),Central Queensland,Remote,Gregory,Flynn,Locally-controlled,Forestry/National Park Road,No traffic control,0 - 50 km/h,Sealed - Dry,Clear,Daylight,Curved - view obscured,Dip,201,Veh'S Opposite Approach: Head On,Head-on,0,1,0,0,1,2,0,0,0,0,0,0,0.001183,0
587,Polygon,1,587,2,Collins Ave,292024,Hospitalisation,2017,April,Sunday,12,Hit pedestrian,Hit pedestrian,145.749293,-16.899799,Collins Ave,<Null>,Edge Hill,Cairns Region,4870,Cairns,Far North,Northern,Northern,North Queensland,Whitfield - Edge Hill,Cairns - South,Cairns,Outer Regional,Cairns,Leichhardt,Locally-controlled,Median Opening,No traffic control,0 - 50 km/h,Sealed - Dry,Clear,Daylight,Curved - view open,Level,3,Ped'N: Far Side Vehicle Hit From Left,Pedestrian,0,1,0,0,1,1,0,0,0,0,1,0,0.001156,0
588,Polygon,1,588,2,Cornwalls Break Rd,309425,Hospitalisation,2017,November,Monday,9,Head-on,Multi-Vehicle,153.077572,-25.41223,Cornwalls Break Rd,<Null>,Fraser Island,Fraser Coast Region,4581,Fraser Island,Wide Bay Burnett,Central,Southern,North Coast and Wide Bay/Burnett,Burrum - Fraser,Maryborough,Wide Bay,Remote,Hervey Bay,Wide Bay,Locally-controlled,Forestry/National Park Road,No traffic control,0 - 50 km/h,Unsealed - Dry,Clear,Daylight,Curved - view obscured,Level,201,Veh'S Opposite Approach: Head On,Head-on,0,2,4,0,6,2,0,0,0,0,0,0,0.001191,0
589,Polygon,2,589,2,Cotlew St,173239,Hospitalisation,2017,October,Tuesday,8,Angle,Multi-Vehicle,153.384916,-27.986794,Cotlew St,<Null>,Ashmore,Gold Coast City,4214,Southport,Gold Coast,South Eastern,SEQ South,South Coast,Ashmore,Southport,Gold Coast,Major Cities,Southport,Moncrieff,Locally-controlled,Median Opening,Operating traffic lights,60 km/h,Sealed - Dry,Clear,Daylight,Straight,Level,406,Veh'S Manoeuvring: Leaving Driveway,Vehicle leaving driveway,0,1,2,0,3,2,0,0,0,0,0,0,0.001205,0
590,Polygon,1,590,2,Currumbin Creek Rd,318632,Hospitalisation,2017,May,Wednesday,12,Sideswipe,Multi-Vehicle,153.470013,-28.151182,Currumbin Creek Rd,<Null>,Currumbin Waters,Gold Coast City,4223,Coolangatta,Gold Coast,South Eastern,SEQ South,South Coast,Currumbin Waters,Coolangatta,Gold Coast,Major Cities,Currumbin,Mcpherson,State-controlled,Merge Lane,No traffic control,60 km/h,Sealed - Dry,Clear,Daylight,Curved - view open,Level,306,Veh'S Same Direction: Lane Change Right,Lane changes,0,1,1,0,2,3,0,0,0,0,0,0,0.001206,0
591,Polygon,1,591,2,Duck Ck Rd,321461,Hospitalisation,2017,March,Sunday,16,Overturned,Single Vehicle,153.09598,-28.186636,Duck Ck Rd,<Null>,Cainbable,Scenic Rim Region,4285,Canungra,Logan,South Eastern,SEQ South,South Coast,Beaudesert,Beaudesert,Logan - Beaudesert,Inner Regional,Scenic Rim,Wright,Locally-controlled,Forestry/National Park Road,No traffic control,0 - 50 km/h,Unsealed - Wet,Raining,Daylight,Straight,Level,702,Off Path-Straight: Right Off Cway,Off carriageway on straight,0,1,2,0,3,1,0,0,0,0,0,0,0.001206,0
592,Polygon,1,592,2,Esk - Hampton Rd,187843,Fatal,2017,July,Tuesday,12,Hit object,Single Vehicle,152.251671,-27.317962,Esk - Hampton Rd,<Null>,Redbank Creek,Somerset Region,4312,Esk,Ipswich,Southern,SEQ North,North Coast and Wide Bay/Burnett,Esk,Ipswich Hinterland,Ipswich,Inner Regional,Nanango,Blair,State-controlled,Forestry/National Park Road,No traffic control,100 - 110 km/h,Sealed - Dry,Clear,Daylight,Straight,Grade,704,Off Path-Straight:Right Off Cway Hit Obj,Off carriageway on straight hit object,1,1,0,0,2,1,0,0,0,0,0,0,0.001201,0
593,Polygon,1,593,2,Everton Park - Albany Creek Rd,67588,Hospitalisation,2017,March,Saturday,7,Sideswipe,Multi-Vehicle,152.966465,-27.351112,Everton Park - Albany Creek Rd,<Null>,Albany Creek,Moreton Bay Region,4035,Albany Creek,North Brisbane,Brisbane,SEQ North,North Coast and Wide Bay/Burnett,Albany Creek,The Hills District,Moreton Bay - South,Major Cities,Everton,Dickson,State-controlled,Merge Lane,No traffic control,60 km/h,Sealed - Dry,Clear,Daylight,Straight,Level,306,Veh'S Same Direction: Lane Change Right,Lane changes,0,1,0,0,1,1,0,0,0,1,0,0,0.001201,0
594,Polygon,1,594,2,Forest Hills Rd,232372,Hospitalisation,2017,April,Tuesday,11,Overturned,Single Vehicle,149.732384,-25.018298,Forest Hills Rd,<Null>,Glenmoral,Banana Shire,4719,Theodore,Capricornia,Central,Central,Central Queensland,Banana,Biloela,Central Queensland,Remote,Callide,Flynn,Locally-controlled,Forestry/National Park Road,No traffic control,80 - 90 km/h,Unsealed - Dry,Clear,Daylight,Curved - view obscured,Dip,805,Off Path-Curve: Out Of Control On Cway,Out of control on curve,0,1,0,0,1,0,0,1,0,0,0,0,0.001189,0
595,Polygon,1,595,2,Foxwell Rd,147738,Hospitalisation,2017,January,Monday,6,Angle,Multi-Vehicle,153.317929,-27.854591,Foxwell Rd,<Null>,Coomera,Gold Coast City,4209,Coomera,Gold Coast,South Eastern,SEQ South,South Coast,Coomera,Ormeau - Oxenford,Gold Coast,Major Cities,Coomera,Fadden,Locally-controlled,Median Opening,Operating traffic lights,60 km/h,Sealed - Dry,Clear,Daylight,Straight,Level,202,Veh'S Opposite Approach: Thru-Right,Opposing vehicles turning,0,1,0,0,1,2,0,0,0,0,0,0,0.001204,0
596,Polygon,1,596,2,Gateway Arterial Rd,123143,Hospitalisation,2017,January,Thursday,4,Hit object,Single Vehicle,153.093315,-27.404372,Gateway Arterial Rd,<Null>,Brisbane Airport,Brisbane City,4008,Hendra,North Brisbane,Brisbane,SEQ North,Metropolitan,Brisbane Airport,Nundah,Brisbane - North,Major Cities,Clayfield,Lilley,State-controlled,Merge Lane,No traffic control,80 - 90 km/h,Sealed - Dry,Clear,Dawn/Dusk,Curved - view open,Grade,804,Off Path-Curve: Off Cway Lt Bend Hit Obj,Off carriageway on curve hit object,0,1,0,0,1,1,0,0,0,0,0,0,0.001202,0
597,Polygon,2,597,2,Horton Pde,155551,Hospitalisation,2017,April,Tuesday,11,Angle,Multi-Vehicle,153.090069,-26.653253,Maroochydore - Mooloolaba Rd,Maroochydore - Mooloolaba Rd,Maroochydore,Sunshine Coast Region,4558,Maroochydore,Sunshine Coast,Central,SEQ North,North Coast and Wide Bay/Burnett,Maroochydore - Kuluin,Maroochy,Sunshine Coast,Major Cities,Maroochydore,Fairfax,State-controlled,Merge Lane,No traffic control,0 - 50 km/h,Sealed - Dry,Clear,Daylight,Straight,Level,400,Veh'S Manoeuvring: Other,Other,0,1,0,0,1,1,0,0,0,1,0,0,0.001198,0
598,Polygon,1,598,2,Lamb St,218300,Hospitalisation,2017,November,Thursday,17,Hit object,Single Vehicle,151.932904,-26.239489,Lamb St,<Null>,Murgon,South Burnett Region,4605,Murgon,South West,Southern,Southern,North Coast and Wide Bay/Burnett,Kingaroy Region - North,Burnett,Wide Bay,Inner Regional,Nanango,Wide Bay,State-controlled,Merge Lane,No traffic control,60 km/h,Sealed - Dry,Clear,Daylight,Straight,Level,704,Off Path-Straight:Right Off Cway Hit Obj,Off carriageway on straight hit object,0,1,0,0,1,1,0,0,0,0,0,0,0.001195,0
599,Polygon,1,599,2,Logan Rd,17915,Hospitalisation,2017,March,Wednesday,7,Rear-end,Multi-Vehicle,153.052541,-27.509486,Logan Rd,<Null>,Greenslopes,Brisbane City,4120,Coorparoo,South Brisbane,Brisbane,SEQ South,Metropolitan,Greenslopes,Holland Park - Yeronga,Brisbane - South,Major Cities,Greenslopes,Griffith,Locally-controlled,Merge Lane,No traffic control,60 km/h,Sealed - Dry,Clear,Daylight,Straight,Grade,301,Veh'S Same Direction: Rear End,Rear-end,0,1,0,0,1,1,0,0,0,1,0,0,0.001202,0
600,Polygon,4,600,2,Nambour Connection Rd,160100,Hospitalisation,2017,March,Tuesday,15,Angle,Multi-Vehicle,152.963039,-26.641162,Nambour Connection Rd,<Null>,Nambour,Sunshine Coast Region,4560,Nambour,Sunshine Coast,Central,SEQ North,North Coast and Wide Bay/Burnett,Nambour,Nambour,Sunshine Coast,Major Cities,Nicklin,Fairfax,State-controlled,Median Opening,No traffic control,80 - 90 km/h,Sealed - Dry,Clear,Daylight,Curved - view open,Grade,104,Veh'S Adjacent Approach: Thru-Right,Intersection from adjacent approaches,0,1,1,0,2,1,1,0,0,0,0,0,0.001197,0
601,Polygon,1,601,2,Nielsens Rd,315521,Hospitalisation,2017,November,Monday,17,Sideswipe,Multi-Vehicle,153.350321,-28.015629,Nielsens Rd,<Null>,Carrara,Gold Coast City,4211,Nerang,Gold Coast,South Eastern,SEQ South,South Coast,Carrara,Nerang,Gold Coast,Major Cities,Gaven,Moncrieff,Locally-controlled,Merge Lane,No traffic control,60 km/h,Sealed - Dry,Clear,Daylight,Straight,Level,305,Veh'S Same Direction: Lane Side Swipe,Lane changes,0,1,0,0,1,2,1,0,0,0,0,0,0.001205,0
602,Polygon,1,602,2,Prairie - Muttaburra  Rd,305086,Hospitalisation,2017,September,Thursday,10,Fall from vehicle,Single Vehicle,144.655266,-21.347554,Prairie - Muttaburra  Rd,<Null>,Prairie,Flinders Shire,4821,Prairie,Townsville,Northern,Northern,North Queensland,Northern Highlands,Outback - North,Queensland - Outback,Very Remote,Traeger,Kennedy,Locally-controlled,Forestry/National Park Road,No traffic control,100 - 110 km/h,Unsealed - Dry,Clear,Daylight,Straight,Level,705,Off Path-Straight:Out Of Control On Cway,Out of control on straight,0,2,0,0,2,0,0,0,0,0,0,1,0.001172,0
603,Polygon,2,603,2,Progress Rd,314242,Fatal,2017,September,Monday,16,Hit object,Single Vehicle,152.928126,-27.589941,Progress Rd,<Null>,Wacol,Brisbane City,4076,Mount Ommaney,South Brisbane,Brisbane,SEQ South,Metropolitan,Wacol,Forest Lake - Oxley,Ipswich,Major Cities,Inala,Oxley,Locally-controlled,Merge Lane,No traffic control,60 km/h,Sealed - Dry,Clear,Daylight,Curved - view open,Level,803,Off Path-Curve: Off Cway Rt Bend Hit Obj,Off carriageway on curve hit object,1,0,0,0,1,0,1,0,0,0,0,0,0.001203,0
604,Polygon,1,604,2,Saint Rd,77876,Hospitalisation,2017,April,Thursday,7,Overturned,Single Vehicle,153.031793,-27.054885,Saint Rd,<Null>,Caboolture,Moreton Bay Region,4510,Caboolture,Moreton,Southern,SEQ North,North Coast and Wide Bay/Burnett,Caboolture,Caboolture,Moreton Bay - North,Major Cities,Pumicestone,Longman,Locally-controlled,Forestry/National Park Road,No traffic control,60 km/h,Unsealed - Dry,Clear,Daylight,Curved - view open,Level,802,Off Path-Curve: Off Cway Left Bend,Off carriageway on curve,0,1,0,0,1,1,0,0,0,0,0,0,0.0012,0
605,Polygon,1,605,2,Scarborough St,174591,Hospitalisation,2017,October,Sunday,11,Angle,Multi-Vehicle,153.408844,-27.959925,Scarborough St,<Null>,Southport,Gold Coast City,4215,Southport,Gold Coast,South Eastern,SEQ South,South Coast,Southport - North,Southport,Gold Coast,Major Cities,Bonney,Moncrieff,Locally-controlled,Median Opening,No traffic control,60 km/h,Sealed - Dry,Clear,Daylight,Straight,Level,207,Veh'S Opposite Approach: U-Turn,U-turn,0,1,0,0,1,1,1,0,0,0,0,0,0.001205,0
606,Polygon,1,606,2,Springvale Rd,255808,Hospitalisation,2017,October,Monday,11,Hit object,Single Vehicle,141.094393,-23.70219,Springvale Rd,<Null>,Diamantina Lakes,Diamantina Shire,4735,Bedourie,Mount Isa,Northern,Central,Central Queensland,Far Central West,Outback - South,Queensland - Outback,Very Remote,Gregory,Maranoa,Locally-controlled,Forestry/National Park Road,No traffic control,60 km/h,Unsealed - Dry,Clear,Daylight,Curved - view obscured,Dip,803,Off Path-Curve: Off Cway Rt Bend Hit Obj,Off carriageway on curve hit object,0,1,0,0,1,0,1,0,0,0,0,0,0.001182,0
607,Polygon,1,607,2,Teewah Beach Rd,316522,Hospitalisation,2017,December,Saturday,22,Hit pedestrian,Hit pedestrian,153.0666,-26.2752,Teewah Beach Rd,<Null>,Noosa North Shore,Noosa Shire,4565,Noosa Heads,Sunshine Coast,Central,SEQ North,North Coast and Wide Bay/Burnett,Noosa Hinterland,Noosa Hinterland,Sunshine Coast,Inner Regional,Noosa,Wide Bay,Locally-controlled,Forestry/National Park Road,No traffic control,0 - 50 km/h,Unsealed - Dry,Clear,Darkness - Not lighted,Straight,Level,4,Ped'N: Play; Work; Stand; Lie On C'Way,Pedestrian,0,1,0,0,1,1,0,0,0,0,1,0,0.001195,0
608,Polygon,1,608,2,Track,77804,Hospitalisation,2017,January,Thursday,17,Hit object,Single Vehicle,153.00526,-27.00778,Track,<Null>,Elimbah,Moreton Bay Region,4516,Caboolture,Moreton,Southern,SEQ North,North Coast and Wide Bay/Burnett,Elimbah,Caboolture,Moreton Bay - North,Major Cities,Pumicestone,Longman,State-controlled,Forestry/National Park Road,No traffic control,100 - 110 km/h,Unsealed - Dry,Clear,Daylight,Straight,Level,703,Off Path-Straight: Left Off Cway Hit Obj,Off carriageway on straight hit object,0,2,0,0,2,1,0,0,0,0,0,0,0.0012,0
609,Polygon,1,609,2,Twin View Rd,77815,Hospitalisation,2017,January,Sunday,14,Fall from vehicle,Single Vehicle,152.900771,-26.987047,Twin View Rd,<Null>,Elimbah,Moreton Bay Region,4516,Caboolture,Moreton,Southern,SEQ North,North Coast and Wide Bay/Burnett,Elimbah,Caboolture,Moreton Bay - North,Major Cities,Glass House,Longman,Locally-controlled,Forestry/National Park Road,No traffic control,60 km/h,Unsealed - Dry,Clear,Daylight,Straight,Level,705,Off Path-Straight:Out Of Control On Cway,Out of control on straight,0,1,0,0,1,0,1,0,0,0,0,0,0.001199,0
610,Polygon,1,610,2,Unnamed Rd,255221,Hospitalisation,2017,October,Friday,13,Hit object,Single Vehicle,150.689397,-22.934536,Unnamed Rd,<Null>,Byfield,Livingstone Shire,4703,Yeppoon,Capricornia,Central,Central,Central Queensland,Rockhampton Region - North,Rockhampton,Central Queensland,Outer Regional,Keppel,Capricornia,Locally-controlled,Forestry/National Park Road,No traffic control,0 - 50 km/h,Unsealed - Dry,Clear,Daylight,Straight,Level,607,Veh'S On Path: Temporary Object On C'Way,Other,0,1,0,0,1,0,1,0,0,0,0,0,0.001179,0
611,Polygon,1,611,2,Danbulla Rd,285552,Hospitalisation,2018,June,Saturday,16,Overturned,Single Vehicle,145.6454,-17.171,Danbulla Rd,<Null>,Danbulla,Tablelands Region,4872,Atherton,Far North,Northern,Northern,North Queensland,Malanda - Yungaburra,Tablelands (east) - Kuranda,Cairns,Outer Regional,Hill,Kennedy,Locally-controlled,Forestry/National Park Road,No traffic control,0 - 50 km/h,Unsealed - Dry,Clear,Daylight,Curved - view obscured,Dip,805,Off Path-Curve: Out Of Control On Cway,Out of control on curve,0,1,0,0,1,1,0,0,0,0,0,0,0.001157,0
612,Polygon,1,612,2,Gympie Rd,40500,Hospitalisation,2018,April,Thursday,15,Fall from vehicle,Single Vehicle,153.008612,-27.329748,Gympie Rd,<Null>,Bald Hills,Brisbane City,4036,Carseldine,North Brisbane,Brisbane,SEQ North,Metropolitan,Bald Hills,Bald Hills - Everton Park,Brisbane - North,Major Cities,Aspley,Petrie,Locally-controlled,Merge Lane,No traffic control,60 km/h,Sealed - Dry,Clear,Daylight,Straight,Level,705,Off Path-Straight:Out Of Control On Cway,Out of control on straight,0,1,0,0,1,0,1,0,0,0,0,0,0.001201,0
613,Polygon,1,613,2,Harcourt Rd,318561,Hospitalisation,2018,March,Tuesday,7,Rear-end,Multi-Vehicle,152.959188,-27.570513,Harcourt Rd,<Null>,Darra,Brisbane City,4076,Mount Ommaney,South Brisbane,Brisbane,SEQ South,Metropolitan,Darra - Sumner,Forest Lake - Oxley,Ipswich,Major Cities,Mount Ommaney,Oxley,Locally-controlled,Merge Lane,Give way sign,60 km/h,Sealed - Dry,Clear,Daylight,Straight,Level,300,Veh'S Same Direction: Other,Other,0,1,0,0,1,1,1,0,0,0,0,0,0.001203,0
614,Polygon,1,614,2,Mill Rd,294631,Hospitalisation,2018,February,Thursday,10,Rear-end,Multi-Vehicle,145.742023,-17.019707,Mill Rd,<Null>,Edmonton,Cairns Region,4869,Edmonton,Far North,Northern,Northern,North Queensland,Edmonton,Cairns - South,Cairns,Outer Regional,Mulgrave,Kennedy,Locally-controlled,Merge Lane,No traffic control,60 km/h,Sealed - Dry,Clear,Daylight,Straight,Level,301,Veh'S Same Direction: Rear End,Rear-end,0,1,0,0,1,2,0,0,0,0,0,0,0.001156,0
615,Polygon,1,615,2,Nerang - Broadbeach Rd,319860,Hospitalisation,2018,May,Monday,15,Hit object,Single Vehicle,153.357784,-27.999789,Nerang - Broadbeach Rd,<Null>,Carrara,Gold Coast City,4211,Nerang,Gold Coast,South Eastern,SEQ South,South Coast,Carrara,Nerang,Gold Coast,Major Cities,Gaven,Moncrieff,State-controlled,Merge Lane,No traffic control,0 - 50 km/h,Sealed - Wet,Raining,Daylight,Straight,Level,703,Off Path-Straight: Left Off Cway Hit Obj,Off carriageway on straight hit object,0,2,0,0,2,1,0,0,0,0,0,0,0.001205,0
616,Polygon,1,616,2,Qaa Line,255877,Hospitalisation,2018,June,Wednesday,17,Fall from vehicle,Single Vehicle,138.445269,-25.8925,Qaa Line,<Null>,Birdsville,Diamantina Shire,4482,Birdsville,Mount Isa,Northern,Central,Central Queensland,Far Central West,Outback - South,Queensland - Outback,Very Remote,Gregory,Maranoa,Locally-controlled,Forestry/National Park Road,No traffic control,100 - 110 km/h,Unsealed - Dry,Clear,Daylight,Straight,Crest,705,Off Path-Straight:Out Of Control On Cway,Out of control on straight,0,1,0,0,1,0,1,0,0,0,0,0,0.001193,0
617,Polygon,1,617,2,Redcliffe Rd,320681,Hospitalisation,2018,June,Thursday,19,Angle,Multi-Vehicle,153.019787,-27.243593,Redcliffe Rd,<Null>,Mango Hill,Moreton Bay Region,4509,Mango Hill North Lakes,North Brisbane,Brisbane,SEQ North,North Coast and Wide Bay/Burnett,North Lakes - Mango Hill,North Lakes,Moreton Bay - South,Major Cities,Murrumba,Petrie,State-controlled,Median Opening,No traffic control,70 km/h,Sealed - Dry,Clear,Darkness - Not lighted,Curved - view open,Level,207,Veh'S Opposite Approach: U-Turn,U-turn,0,1,0,0,1,1,0,0,0,0,0,1,0.001201,0
618,Polygon,1,618,2,South East Arterial Rd,319211,Hospitalisation,2018,June,Thursday,10,Rear-end,Multi-Vehicle,153.022249,-27.471651,South East Arterial Rd,<Null>,Brisbane City,Brisbane City,4000,Brisbane City,North Brisbane,Brisbane,SEQ North,Metropolitan,Brisbane City,Brisbane Inner,Brisbane Inner City,Major Cities,Mcconnel,Brisbane,State-controlled,Merge Lane,No traffic control,70 km/h,Sealed - Wet,Raining,Daylight,Straight,Level,301,Veh'S Same Direction: Rear End,Rear-end,0,1,0,0,1,1,1,0,0,0,0,0,0.001202,0